localidad;código_postal;dirección;precio_gasolina_95;precio_gasóleo_a;precio_gasóleo_b;precio_gasolina_98;rótulo;fecha
ABENOJAR;13180;CTRA0CM-40110 km 26,000;1307;1177;796;1447;GALP;21
AGUDO;13410;CR N-502, 32,8;1299;1179;0;0;PETRONOR;21
ALAMILLO;13413;AVDA0 LIBERTAD, S/N (CM-4202 km 8);0;1179;0;0;MARIO;21
CINCO CASAS;13720;CARRETERA ARGAMASILLA DE ALBA-CINCO CASAS KM0 17;1229;1119;719;0;CERFAS-OIL;21
ALCAZAR DE SAN JUAN;13600;CARRETERA N-420 KM0 284,227;1284;1129;0;1339;CARREFOUR;21
ALAMEDA DE CERVERA;13690;ESTRADA CM-42, 106/108;1309;1184;804;0;CEPSA;21
ALCAZAR DE SAN JUAN;13600;CR N-420, 284,7;1299;1169;816;1439;REPSOL;21
ALCAZAR DE SAN JUAN;13600;VÍA PG RESID ALCES, 1;1239;1095;0;0;MACMAOIL;21
ALCAZAR DE SAN JUAN;13600;CTRA0 N-420 km 28606;1299;1175;814;1419;CEPSA;21
ALCAZAR DE SAN JUAN;13600;CALLE ALAMEDA, 5;1218;1068;0;0;U0S0 LA LUNA;21
ALCAZAR DE SAN JUAN;13600;CALLE ALBARIÑO, 2;1208;1058;0;0;GASEXPRESS;21
ALCAZAR DE SAN JUAN;13600;CL AVENIDA DE HERENCIA S0N0;1299;1169;0;0;CAMPSA;21
ALCOLEA DE CALATRAVA;13107;CARRETERA N-430 KM0 290;1239;1139;0;0;LIBRE;21
ALCUBILLAS;13391;CALLE REAL, S/N;1289;1169;799;0;CEPSA;21
ALDEA DEL REY;13380;CARRETERA ARGAMASILLA-ALMURADIEL KM0 23,2;1299;1179;0;1439;REPSOL;21
ALMADEN;13400;POLIGONO POZO DE LAS NIEVES, 12;1309;1179;0;1415;HGOIL;21
ALMADEN;13400;AVENIDA RAMON Y CAJAL, 61;1303;1186;796;1424;CEPSA;21
ALMAGRO;13270;CL RONDA SANTO DOMINGO, 3;1299;1169;0;0;REPSOL;21
ALMAGRO;13270;CALLE EJIDO DE SAN JUAN, 0;1289;1179;0;1404;CEPSA;21
ALMEDINA;13328;CARRETERA PUEBLA DEL PRINCIPE KM0 1;1179;1002;659;0;E0S0 SAN GREGORIO;21
ALMODOVAR DEL CAMPO;13580;CARRETERA CM 4110 KM0 6;1299;1189;0;1439;REPSOL;21
ALMURADIEL;13760;AUTOVIA N-IV KM0 232;1309;1189;846;1409;REPSOL;21
ALMURADIEL;13760;AUTOVIA N-4 KM0 232;1309;1189;846;1409;REPSOL;21
ARENALES DE SAN GREGORIO;13610;POLIGONO RIO CORCOLES PARCELA 101, S/N;1319;1199;0;0;LOPEZ SIERRA EE0SS;21
ARENAS DE SAN JUAN;13679;N-420 km 252,1;1329;1209;0;0;REPSOL;21
ARGAMASILLA DE ALBA;13710;CR N-310, 85,1 (N-310 km 85,18);1299;1169;816;1419;REPSOL;21
ARGAMASILLA DE ALBA;13710;CARRETERA NACIONAL 310, KM0 82,500;1299;1169;0;1419;REPSOL;21
ARGAMASILLA DE CALATRAVA;13440;CARRETERA CR-506 KM0 3,300;1299;1189;0;1439;REPSOL;21
ARGAMASILLA DE CALATRAVA;13440;POLIGONO MANZANARES, 6;1249;1109;0;0;GASOLEOSJUCO;21
BOLAÑOS DE CALATRAVA;13260;CALLE CTRA0 C-417, PK0 KM 17,, 17;1239;1128;0;1399;SARAS;21
BOLAÑOS DE CALATRAVA;13260;CARDENAL CISNEROS, S/N;1229;1109;665;1429;CARBURANTES BOLAÑOS S0L0;21
BOLAÑOS DE CALATRAVA;13260;CARRETERA CM 4124 KM0 25,7;1229;1129;0;0;E0S0MAZ;21
BOLAÑOS DE CALATRAVA;13260;CARRETERA DAIMIEL KM0 23;1299;1186;809;0;CEPSA;21
BRAZATORTAS;13450;CARRETERA CABEZARRUBIAS KM0 1;1249;1129;709;0;UNIDAD DE SERVICIO;21
BRAZATORTAS;13450;CARRETERA NACIONAL 420 KM0 143,700;1309;1199;0;1449;GALP LA JUNQUERA;21
BRAZATORTAS;13450;CR N-420 141,9;1299;1189;0;1423;REPSOL;21
CALZADA DE CALATRAVA;13370;CARRETERA C-410 km 310092;1299;1169;739;1389;P G E HIJOS;21
CAMPO DE CRIPTANA;13610;CARRETERA NACIONAL 420 KM0 292,700;1299;1189;0;1359;GALP DISTRIBUCION OIL ESPAÑA, S0A0U0;21
CAMPO DE CRIPTANA;13610;CR N-420, 296;1299;1179;0;0;REPSOL;21
CAMPO DE CRIPTANA;13610;CARRETERA N-420 KM0 295;1299;1179;720;1439;COMBUSTIBLES CRIPTANA,SL;21
CAMPO DE CRIPTANA;13610;AVENIDA DE LA HISPANIDAD, 10;1299;1179;0;1439;PETRONOR;21
CAMPO DE CRIPTANA;13610;CONCEPCION, 135 (CTRA0 N-420);0;1084;669;0;BODEGAS SIMBOLO, SDAD0 COOP0 DE C-LM NTRA0 SRA0 DE CRIPTANA;21
CAMPO DE CRIPTANA;13610;CALLE MOTA, 2;0;1079;0;0;TRAVESA;21
CARRION DE CALATRAVA;13150;CARRETERA CARRION A FERNANCABALLERO km 005;0;1063;669;0;MONTES NORTE ENERGETICOS, S0L0;21
CARRION DE CALATRAVA;13150;CARRETERA NACIONAL 430 KM0 317;1299;1179;0;1439;REPSOL;21
CARRIZOSA;13329;CR CM-3129, 7 (CM-3129 km 11,6);1299;1169;816;1409;PETRONOR;21
CASTELLAR DE SANTIAGO;13750;CALLE BAILEN, 2;1309;1189;834;0;REPSOL;21
CHILLON;13412;CARRETERA ALMADEN-CHILLON KM0 ;1309;1179;795;0;HGOIL;21
CIUDAD REAL;13005;CARRETERA N-430 KM KM0 305,1;1299;1179;0;1419;CEPSA;21
CIUDAD REAL;13197;CARRETERA CTRA PUERTOLLANO KM 195 KM0 ;1259;1139;0;1437;SHELL;21
CIUDAD REAL;13005;CARRETERA NACIONAL 430 KM0 309,900;1279;1165;0;1459;SHELL CARRION;21
CIUDAD REAL;13003;CALLE RONDA DE TOLEDO, 21;1249;1129;0;1427;SHELL;21
CIUDAD REAL;13002;CARRETERA DE PORZUNA KM0 ;102;1006;0;1029;E0LECLERC;21
CIUDAD REAL;13005;CALLE TORRENUEVA, 1;1199;1059;0;0;PETRONIEVES;21
CIUDAD REAL;13005;CARRETERA N-430 KM0 304,42;1289;1169;0;1429;REPSOL;21
CIUDAD REAL;13003;RONDA PUERTA DE TOLEDO, 5;1289;1169;0;0;REPSOL;21
CIUDAD REAL;13004;CALLE RONDA DE LA MATA, S/N;1289;1169;0;1429;REPSOL;21
CIUDAD REAL;13005;PG P0I0 LARACHE,PARC093, S0N0;1309;1189;0;1449;REPSOL;21
CIUDAD REAL;13005;CR N-401, 183,6;1289;1169;0;1429;REPSOL;21
CIUDAD REAL;13004;AVENIDA EUROPA, 45;102;1006;0;1029;EROSKI;21
CIUDAD REAL;13002;RONDA DE ALARCOS, 21;1289;1169;0;1429;REPSOL;21
CIUDAD REAL;13005;CR CR-514, 0,3;1289;1169;0;1429;REPSOL;21
CIUDAD REAL;13002;AVENIDA PARQUE DE CABAÑEROS, S/N;1295;1159;0;1435;GALP;21
CIUDAD REAL;13005;CARRETERA N-430 KM0 309,2;1289;1179;0;1404;CEPSA;21
CORRAL DE CALATRAVA;13190;CARRETERA N-420 KM0 180;1299;1169;0;1439;REPSOL;21
CORTIJOS DE ARRIBA;13427;AVDA0 DE LA LOMA, Nº 22;1279;1179;780;0;LA LOMA;21
DAIMIEL;13250;CALLE BODEGUEROS, PARCELA, 48;0;1099;0;0;GRUPO LOGISTICO CODAITRANS;21
DAIMIEL;13250;CALLE HERREROS, 1;0;1099;689;0;COOP0 LOS POZOS;21
DAIMIEL;13250;NACIONAL 420 km 236;1329;1209;0;0;ESTACION DE SERVICIOS DAIMIEL S0L0;21
DAIMIEL;13250;CARRETERA CM04114 KM0 50;1298;1179;824;0;FERSA COMBUSTIBLES, S0L0;21
DAIMIEL;13250;CARRETERA N-420 KM KM0 231;1239;1099;0;0;WETROAD;21
DAIMIEL;13250;CARRETERA NACIONAL 430 KM0 269,9;1309;1179;0;0;REPSOL;21
DAIMIEL;13250;CALLE TIBURCIO, 98;1299;1179;826;1399;REPSOL;21
DAIMIEL;13250;AVENIDA DE LA ENERGIA, 1;1299;1179;0;1429;REPSOL;21
FUENCALIENTE;13130;CARRETERA N-420 KM0 103,3;1309;1189;0;0;CEPSA;21
FUENTE EL FRESNO;13680;AVENIDA DE LA PROVINCIA, 78;1269;1149;709;0;CARBURANTES QUEVEDO;21
GRANATULA DE CALATRAVA;13360;CALLE ALMAGRO, 3;0;1012;700;0;SOCIEDAD COOPERATIVA AGRARIA EL SANTO CRISTO S0 COOP0 DE C-LM;21
HERENCIA;13640;420 km 275;1299;1179;814;1429;PETRONOR;21
HERENCIA;13640;AUTOVIA A-4 KM0 153,350;1309;1189;0;1409;REPSOL;21
HORCAJO DE LOS MONTES;13110;CARRETERA CIUDAD REAL KM0 49,200;1309;1179;849;1439;REPSOL;21
LLANOS DEL CAUDILLO;13220;POZOS S/N;0;0;685;0;COOP0 LOS LLANOS;21
LUCIANA;13108;CARRETERA N-430, KM0 268,6;1279;1169;799;0;REPSOL;21
MALAGON;13420;AVENIDA FUNDADORES COOPERATIVA, 69;1195;1063;669;0;MONTES NORTE ENERGETICOS, S0L0;21
MALAGON;13420;CALLE MADRID, 18;1185;1063;0;0;CARBURANTES SEAL;21
MALAGON;13420;CALLE CERVANTES, 23;1245;1126;736;1036;CEPSA;21
MALAGON;13429;CR N-401, 165;1289;1165;815;1413;REPSOL;21
MANZANARES;13200;AUTOVIA A-4 KM0 167;1309;1189;833;0;REPSOL;21
MANZANARES;13200;AUTOVIA A-4 KM0 162;1309;1189;817;0;REPSOL;21
MANZANARES;13200;CARRETERA N-4 KM0 171,1;1309;1189;0;1409;REPSOL;21
MANZANARES;13200;CALLE CTRA LA SOLANA, 56;1299;1159;816;1399;REPSOL;21
MANZANARES;13200;CL PASEO CRISTOBAL COLON S0N0;1309;1169;0;0;CAMPSA;21
MANZANARES;13200;CARRETERA CRTA0CR-141 KM 3,70 KM0 3,70;1309;1169;823;1429;REPSOL;21
MANZANARES;13200;CARRETERA ANTIGUA N-430 ESQ0 CTRA0 VILLARRUIBA KM0 S/N;1299;1149;0;1419;SARAS ENERGIA ;21
MANZANARES;13200;CALLE INDUSTRIAL D, 3;1259;1139;689;0;JESÚS DEL PERDÓN BODEGAS YUNTERO S0 COOP0 DE C-LM;21
MANZANARES;13200;AUTOVIA DE ANDALUCIA KM0 173;1315;1195;809;1415;REPSOL;21
MANZANARES;13200;PLAZA DEL GRAN TEATRO, S/N;1304;0;0;0;CEPSA;21
MEMBRILLA;13230;AUTOVIA CARRETERA GENERAL DE ANDALUCIA KM0 178,800;1314;1179;0;1429;CEPSA;21
MEMBRILLA;13230;CARRETERA NACIONAL 430 KM0 371,100;1229;1105;0;0;GRUPO CACHO;21
MEMBRILLA;13230;CARRETERA N-430 KM0 366,275;1279;1174;796;1394;CEPSA;21
MEMBRILLA;13230;N-430 km 367,1;1289;1139;814;1409;SARAS;21
MEMBRILLA;13230;CARRETERA NACIONAL 430 KM 368 KM0 368;1309;1195;823;1419;REPSOL;21
MIGUELTURRA;13170;CARRETERA VALDEPEÑAS KM0 12;1199;1059;0;0;PETROGOOD;21
MIGUELTURRA;13170;CARRETERA CM-4127 KM0 2,350;1299;1184;0;1414;CEPSA;21
MIGUELTURRA;13170;CARRETERA CTRA VALDEPEÑAS-CIUDAD REAL KM0 4700;1289;1179;0;1404;CEPSA;21
MONTIEL;13326;CARRERA VILLANUEVA DE LOS INFANTES, S/N;1021;1069;655;0;CASTILLO DE MONTIEL;21
MONTIEL;13326;CARRETERA CM 3127 km 120600;1199;1099;700;0;EE0SS VALLE PIQUERAS;21
MORAL DE CALATRAVA;13350;CARRETERA CM-412 KM0 69,92;1299;1169;826;1439;CAMPSA;21
PEDRO MUÑOZ;13620;AVENIDA DE LA CONSTITUCION, 46;1299;1169;816;1439;REPSOL;21
PEDRO MUÑOZ;13620;AVENIDA JUAN CARLOS I, 99;1294;1179;812;0;BP OIL ESPAÑA;21
PEDRO MUÑOZ;13620;CARRETERA PEDRO MUÑOZ A SOCUELLAMOS KM0 1;0;1011;650;0;SUMNISTROS AGRICOLAS DE PEDRO MUÑOZ S0 COOP0 DE C-LM;21
PEDRO MUÑOZ;13620;AVENIDA CONSTITUCION, 20;1299;1179;0;0;CEPSA;21
PIEDRABUENA;13100;CARRETERA 7211 KM0 0,200;1209;1079;0;0;GP ENERGIA;21
PIEDRABUENA;13100;CARRETERA NACIONAL 430 KM0 219,7;1309;1169;0;0;CEPSA;21
PORZUNA;13120;CALLE TOLEDO,, 50;1289;1169;816;1429;REPSOL;21
POZUELO DE CALATRAVA;13179;CARRETERA CM-412 KM0 11;1299;1179;690;1038;CEPSA;21
PUEBLA DE DON RODRIGO;13109;CALLE CUATRO ESQUINAS ESQUINA LUIS SEVILLA, S/N;0;1063;669;0;MONTES NORTE ENERGETICOS, S0L0;21
PUEBLA DE DON RODRIGO;13109;CL AVENIDA CASTILLA-LA MANCHA, 1 (N-430 km 230);1289;1169;820;1429;CAMPSA;21
PUERTO LAPICE;13650;CR N-4, 134,8;1309;1189;0;1409;REPSOL;21
PUERTO LAPICE;13650;AUTOVIA N-IV KM0 140,7;1309;1179;0;1429;GALP;21
PUERTO LAPICE;13650;AUTOVIA N-IV KM0 140,5;1309;1179;0;1429;GALP;21
PUERTOLLANO;13500;CARRETERA ALMODOVAR KM0 1,500;1259;1109;0;0;CARBURANTES BLUE;21
PUERTOLLANO;13500;CARRETERA VARIANTE PUERTOLLANO-REPSOL KM0 11;0;1199;0;0;REPSOL;21
PUERTOLLANO;13500;CALLE ASDRUBAL, 68;1299;1189;0;1439;REPSOL;21
PUERTOLLANO;13500;CARRETERA N420 KM0 160,500;1299;1189;0;1439;REPSOL;21
PUERTOLLANO;13500;CR N-420, 160;1299;1189;0;1439;REPSOL;21
PUERTOLLANO;13500;CARRETERA CR-503 KM0 3,2;1299;1189;0;1439;REPSOL;21
PUERTOLLANO;13500;CARRETERA NACIONAL 420 KM0 160;1304;1134;0;0;CARREFOUR;21
PUERTOLLANO;13500;AVENIDA ANDALUCIA, S/N;102;1049;0;1029;E0LECLERC;21
RUIDERA;13249;AVENIDA CASTILLA LA MANCHA, 59;1299;1179;0;0;REPSOL;21
SACERUELA;13414;CALLE ARENAL, S/N;1289;1169;814;1429;REPSOL;21
SANTA CRUZ DE MUDELA;13730;CARRETERA N 4 KM0 216,9;1309;1189;846;1409;REPSOL;21
SANTA CRUZ DE MUDELA;13730;CARRETERA N- 4 KM0 216,9;1309;1189;846;0;REPSOL;21
SANTA CRUZ DE MUDELA;13730;AUTOVIA A-4 KM0 217,350;1315;1195;0;0;GALP;21
SANTA CRUZ DE MUDELA;13730;AUTOVIA ANDALUCIA KM0 222,5;1314;1179;0;1429;CEPSA;21
SOCUELLAMOS;13630;CM-3102 km 23,1;1299;1175;817;0;CEPSA;21
SOCUELLAMOS;13630;CARRETERA N-310 KM0 105;1309;1189;0;1415;GALP;21
SOCUELLAMOS;13630;CALLE CAMPO DE CRIPTANA, 29;0;1085;0;0;TRANSPORTES FELIX E HIJOS, S0L0;21
SOCUELLAMOS;13630;CALLE MANIGUA, 4;1303;1184;832;0;CEPSA;21
SOCUELLAMOS;13630;POLIGONO EL LLANO, CALLE A, PARCELA, 134;0;1087;656;0;OLIVARERA DE SOCUELLAMOS, S0COOP0 DE C-LM;21
SOCUELLAMOS;13630;CALLE PASEO DE LOS MARTIRES, 58;1299;1169;836;1439;CAMPSA;21
SOCUELLAMOS;13630;CR CR-100, 0,9;1299;1169;836;1439;CAMPSA;21
SOLANA (LA);13240;CARRETERA L-603 KM0 24,8;1299;1169;826;1399;REPSOL;21
SOLANA (LA);13240;CR N-430, 307,3;1299;1169;826;1399;CAMPSA;21
SOLANA (LA);13240;POLIGONO MAQUINA DE VAPOR, 1;0;1104;0;0;GALANES OIL;21
SOLANA (LA);13240;CARRETERA MANZANARES KM0 S/N;1279;1155;699;0;GRUPO CACHO;21
TERRINCHES;13341;AVENIDA CONSTITUCION, S/N;1195;1007;675;0;E0S0STO0DOMINGO DE GUZMAN;21
TOMELLOSO;13700;AVENIDA JUAN CARLOS I, 1;1199;1069;0;0;PUNTO AZUL GASOLINERA 24 HORAS;21
TOMELLOSO;13700;VEREDA SOCUELLAMOS, S/N;1274;1144;709;1394;SERTYMAN;21
TOMELLOSO;13700;PASEO SAN ISIDRO, 14;1299;1164;0;1413;CEPSA;21
TOMELLOSO;13700;C/ ZURBARAN0 Nº 19;1289;1159;759;0;REPSOL - TOMELLOSO;21
TOMELLOSO;13700;CARRETERA N-310 (ARGAMASILLA DE ALBA) KM0 0,800;0;1089;0;0;COTRATO;21
TOMELLOSO;13700;CALLE CAMPO, 146;1219;1099;0;0;EASY FUEL;21
TOMELLOSO;13700;CARRETERA CR-122 KM0 26,100;1299;1169;0;1429;REPSOL COMERCIAL;21
TOMELLOSO;13700;CALLE CAMPO, 117;1299;1169;0;1429;REPSOL;21
TOMELLOSO;13700;CARRETERA N-310 KM0 93;1199;1069;0;1394;EROSKI;21
TOMELLOSO;13700;CALLE SOCUELLAMOS, 92;1299;1169;0;1429;REPSOL;21
TOMELLOSO;13700;CM-400 km 129;1289;1159;796;0;CEPSA;21
TORRALBA DE CALATRAVA;13160;AUTOVIA A-43 KM0 290;1294;1179;0;1409;CEPSA;21
TORRALBA DE CALATRAVA;13160;CALLE DEHESA DEL CAMPO, 5;1195;1074;0;0;ENERGIAS AF;21
TORRE DE JUAN ABAD;13344;CR CR-614, 25;1299;1179;0;1439;REPSOL;21
TORRENUEVA;13740;CARRETERA VALDEPEÑAS 139 KM0 139;1259;1139;799;1399;SEYBE;21
VALDEPEÑAS;13300;AVENIDA DE LOS ESTUDIANTES, 70;1217;1067;0;0;PETROLOWCOST;21
VALDEPEÑAS;13300;CALLE SUIZA, 1;0;1049;0;0;ENTRECAMINOS;21
VALDEPEÑAS;13300;CARRETERA 601 KM0 0,700;1279;1139;0;1339;E0S LAGUNA;21
VALDEPEÑAS;13300;AUTOVIA A-4 KM0 198,7;1335;1175;0;1449;CEPSA;21
VALDEPEÑAS;13300;A-4 km 198,7;1335;1175;0;1449;CEPSA;21
VALDEPEÑAS;13300;AVENIDA DEL VINO, SN;1239;1079;0;1309;SIMPLY;21
VALDEPEÑAS;13300;CR CM-412, 84,8;1299;1169;826;1439;REPSOL;21
CONSOLACION;13310;AUTOVIA ANDALUCIA KM0 185;1309;1189;846;1409;REPSOL;21
VALDEPEÑAS;13300;AVENIDA DEL SUR, S/N;1275;1119;0;1415;SARAS ENERGIA ;21
VALDEPEÑAS;13300;CTRA0 N-IV, P0K0 210;1309;1179;0;1419;GALP;21
VALDEPEÑAS;13300;AUTOVIA  A-4 km 191,536;1288;1161;0;1418;SHELL;21
VALDEPEÑAS;13300;CARRETERA N - IV KM0 210;1289;1159;0;0;ESAP LA PARÁ ROCIERA;21
VALDEPEÑAS;13300;CL SEIS DE JUNIO, 247;1305;1185;833;1445;REPSOL;21
VALDEPEÑAS;13300;AUTOVIA A-4 KM0 193,6;1032;1185;888;1435;CEPSA;21
VILLAHERMOSA;13332;AVENIDA CASTILLA LA MANCHA, 11;1199;1099;699;0;CHM;21
VILLANUEVA DE LA FUENTE;13330;CM 412 km 15408;1199;1099;789;0;LIBRE;21
VILLANUEVA LOS INFANTES;13320;CALLE PIOXII, 93;1029;1017;820;1041;REPSOL;21
VILLANUEVA LOS INFANTES;13320;CALLE GUARDIA CIVIL, S/N;1017;1004;650;0;NTRA0 SRA0 ANTIGUA;21
VILLANUEVA LOS INFANTES;13320;CR CR-604, 1,4;1299;1169;826;1409;CAMPSA;21
VILLANUEVA DE SAN CARLOS;13379;CR CR-504, 18,2;1305;1179;808;0;PETRONOR;21
VILLARRUBIA DE LOS OJOS;13670;CARRETERA CARRETERA DE FUENTE EL FRESNO KM 15 KM0 15;1289;1159;709;0;AVIA;21
VILLARRUBIA DE LOS OJOS;13670;PASEO DEL CORDON 104 (CM 4120 km 16,700);1289;1159;709;1429;VILLA RUBEUM,S0L0;21
VILLARRUBIA DE LOS OJOS;13670;CARRETERA CR-201 KM0 17;0;1095;695;0;EL RUBIAL SOC0 COOP0;21
VILLARTA DE SAN JUAN;13210;CERVANTES, 96;0;1007;650;0;NINGUNO;21
VILLARTA DE SAN JUAN;13210;AUTOVIA A-4 KM0 145,330;1299;1169;0;1419;TARAY;21
VILLARTA DE SAN JUAN;13210;CALLE CERVANTES, 104;1299;1175;836;1423;REPSOL;21
VISO DEL MARQUES;13770;CARRETERA CM-4111 KM0 64;1299;1169;815;0;REPSOL;21
VISO DEL MARQUES;13770;AVENIDA DE BURJASOT, S/N;0;1125;669;0;VIRGEN DEL VALLE;21
ABENOJAR;13180;CTRA.CM-4.110 km 26,000;1297;1177;796;1377;GALP;19
AGUDO;13410;CR N-502, 32,8;1299;1179;0;0;PETRONOR;19
ALAMILLO;13413;AVDA. LIBERTAD, S/N (CM-4202 km 8);0;1169;0;0;MARIO;19
ALCAZAR DE SAN JUAN;13600;CARRETERA N-420 KM. 284,227;1284;1129;0;1339;CARREFOUR;19
ALCAZAR DE SAN JUAN;13600;CR N-420, 284,7;1305;1179;0;1435;REPSOL;19
ALCAZAR DE SAN JUAN;13600;CL AVENIDA DE HERENCIA S.N.;1305;1179;0;0;CAMPSA;19
ALCAZAR DE SAN JUAN;13600;CALLE ALAMEDA, 5;1188;1058;0;0;U.S. LA LUNA;19
ALCAZAR DE SAN JUAN;13600;VÍA PG RESID ALCES, 1;1245;1105;0;0;MACMAOIL;19
ALCAZAR DE SAN JUAN;13600;CTRA. N-420 km 286.6;1299;1179;814;1439;CEPSA;19
CINCO CASAS;13720;CARRETERA ARGAMASILLA DE ALBA-CINCO CASAS KM. 17;1219;1099;689;0;CERFAS-OIL;19
ALAMEDA DE CERVERA;13690;ESTRADA CM-42, 106/108;1309;1184;804;0;CEPSA;19
ALCUBILLAS;13391;CALLE REAL, S/N;1289;1169;799;0;CEPSA;19
ALDEA DEL REY;13380;CARRETERA ARGAMASILLA-ALMURADIEL KM. 23,2;1299;1179;0;1439;REPSOL;19
ALMADEN;13400;AVENIDA RAMON Y CAJAL, 61;1303;1186;796;1424;CEPSA;19
ALMADEN;13400;POLIGONO POZO DE LAS NIEVES, 12;1309;1179;0;1415;HGOIL;19
ALMAGRO;13270;CL RONDA SANTO DOMINGO, 3;1305;1189;0;0;REPSOL;19
ALMAGRO;13270;CALLE EJIDO DE SAN JUAN, 0;1299;1184;0;1414;CEPSA;19
ALMEDINA;13328;CARRETERA PUEBLA DEL PRINCIPE KM. 1;1179;1002;659;0;E.S. SAN GREGORIO;19
ALMODOVAR DEL CAMPO;13580;CARRETERA CM 4110 KM. 6;1305;1189;0;1445;REPSOL;19
ALMURADIEL;13760;AUTOVIA N-IV KM. 232;1319;1195;0;1419;REPSOL;19
ALMURADIEL;13760;AUTOVIA N-4 KM. 232;1319;1195;0;1419;REPSOL;19
ARENALES DE SAN GREGORIO;13610;POLIGONO RIO CORCOLES PARCELA 1.1, S/N;1319;1199;0;0;LOPEZ SIERRA EE.SS;19
ARENAS DE SAN JUAN;13679;N-420 km 252,1;1319;1199;0;0;REPSOL;19
ARGAMASILLA DE ALBA;13710;CR N-310, 85,1 (N-310 km 85,18);1305;1169;0;1415;REPSOL;19
ARGAMASILLA DE ALBA;13710;CARRETERA NACIONAL 310, KM. 82,500;1305;1169;0;1415;REPSOL;19
ARGAMASILLA DE CALATRAVA;13440;CARRETERA CR-506 KM. 3,300;1305;1189;0;1445;REPSOL;19
ARGAMASILLA DE CALATRAVA;13440;POLIGONO MANZANARES, 6;1259;1099;0;0;GASOLEOSJUCO;19
BOLAÑOS DE CALATRAVA;13260;CARRETERA DAIMIEL KM. 23;1299;1186;809;0;CEPSA;19
BOLAÑOS DE CALATRAVA;13260;CARRETERA CM 4124 KM. 25,7;1229;1129;0;0;E.S.MAZ;19
BOLAÑOS DE CALATRAVA;13260;CARDENAL CISNEROS, S/N;1229;1109;665;1429;CARBURANTES BOLAÑOS S.L.;19
BOLAÑOS DE CALATRAVA;13260;CALLE CTRA. C-417, PK. KM 17,, 17;1269;1158;0;1429;SARAS;19
BRAZATORTAS;13450;CR N-420 141,9;1305;1189;0;1429;REPSOL;19
BRAZATORTAS;13450;CARRETERA CABEZARRUBIAS KM. 1;1249;1129;709;0;UNIDAD DE SERVICIO;19
BRAZATORTAS;13450;CARRETERA NACIONAL 420 KM. 143,700;1309;1179;0;1439;GALP LA JUNQUERA;19
CALZADA DE CALATRAVA;13370;CARRETERA C-410 km 31.092;1299;1169;739;1389;P G E HIJOS;19
CAMPO DE CRIPTANA;13610;CARRETERA N-420 KM. 295;1299;1179;720;1359;COMBUSTIBLES CRIPTANA,SL;19
CAMPO DE CRIPTANA;13610;AVENIDA DE LA HISPANIDAD, 10;1305;1169;0;1365;PETRONOR;19
CAMPO DE CRIPTANA;13610;CARRETERA NACIONAL 420 KM. 292,700;1309;1189;0;1359;GALP DISTRIBUCION OIL ESPAÑA, S.A.U.;19
CAMPO DE CRIPTANA;13610;CALLE MOTA, 2;0;1059;0;0;TRAVESA;19
CAMPO DE CRIPTANA;13610;CR N-420, 296;1299;1179;0;0;REPSOL;19
CAMPO DE CRIPTANA;13610;CONCEPCION, 135 (CTRA. N-420);0;1084;669;0;BODEGAS SIMBOLO, SDAD. COOP. DE C-LM NTRA. SRA. DE CRIPTANA;19
CARRION DE CALATRAVA;13150;CARRETERA NACIONAL 430 KM. 317;1305;1179;0;1445;REPSOL;19
CARRION DE CALATRAVA;13150;CARRETERA CARRION A FERNANCABALLERO km 0.5;0;1063;669;0;MONTES NORTE ENERGETICOS, S.L.;19
CARRIZOSA;13329;CR CM-3129, 7 (CM-3129 km 11,6);1305;1179;0;1415;PETRONOR;19
CASTELLAR DE SANTIAGO;13750;CALLE BAILEN, 2;1309;1185;834;0;REPSOL;19
CHILLON;13412;CARRETERA ALMADEN-CHILLON KM. ;1309;1179;795;0;HGOIL;19
CIUDAD REAL;13005;CARRETERA N-430 KM KM. 305,1;1299;1179;0;1419;CEPSA;19
CIUDAD REAL;13004;AVENIDA EUROPA, 45;1020;1006;0;1029;EROSKI;19
CIUDAD REAL;13002;CARRETERA DE PORZUNA KM. ;1020;1006;0;1029;E.LECLERC;19
CIUDAD REAL;13197;CARRETERA CTRA PUERTOLLANO KM 195 KM. ;1259;1139;0;1437;SHELL;19
CIUDAD REAL;13005;CARRETERA NACIONAL 430 KM. 309,900;1279;1165;0;1459;SHELL CARRION;19
CIUDAD REAL;13003;CALLE RONDA DE TOLEDO, 21;1249;1129;0;1427;SHELL;19
CIUDAD REAL;13002;AVENIDA PARQUE DE CABAÑEROS, S/N;1269;1149;0;1409;GALP;19
CIUDAD REAL;13005;CR N-401, 183,6;1305;1189;0;1445;REPSOL;19
CIUDAD REAL;13005;CARRETERA N-430 KM. 304,42;1305;1169;0;1445;REPSOL;19
CIUDAD REAL;13003;RONDA PUERTA DE TOLEDO, 5;1305;1179;0;0;REPSOL;19
CIUDAD REAL;13002;RONDA DE ALARCOS, 21;1305;1179;0;1445;REPSOL;19
CIUDAD REAL;13005;CR CR-514, 0,3;1305;1169;887;1445;REPSOL;19
CIUDAD REAL;13004;CALLE RONDA DE LA MATA, S/N;1305;1169;0;1445;REPSOL;19
CIUDAD REAL;13005;CALLE TORRENUEVA, 1;1199;1059;0;0;PETRONIEVES;19
CIUDAD REAL;13005;PG P.I. LARACHE,PARC.93, S.N.;1315;1199;0;1455;REPSOL;19
CIUDAD REAL;13005;CARRETERA N-430 KM. 309,2;1296;1184;0;1411;CEPSA;19
CORRAL DE CALATRAVA;13190;CARRETERA N-420 KM. 180;1305;1179;0;1445;REPSOL;19
CORTIJOS DE ARRIBA;13427;AVDA. DE LA LOMA, Nº 22;1279;1179;780;0;LA LOMA;19
DAIMIEL;13250;CALLE BODEGUEROS, PARCELA, 48;0;1099;0;0;GRUPO LOGISTICO CODAITRANS;19
DAIMIEL;13250;AVENIDA DE LA ENERGIA, 1;1299;1175;0;1429;REPSOL;19
DAIMIEL;13250;CARRETERA CM.4114 KM. 50;1298;1179;824;0;FERSA COMBUSTIBLES, S.L.;19
DAIMIEL;13250;CALLE HERREROS, 1;0;1099;689;0;COOP. LOS POZOS;19
DAIMIEL;13250;CALLE TIBURCIO, 98;1305;1189;0;1425;REPSOL;19
DAIMIEL;13250;CARRETERA NACIONAL 430 KM. 269,9;1305;1179;0;0;REPSOL;19
DAIMIEL;13250;NACIONAL 420 km 236;1329;1209;0;0;ESTACION DE SERVICIOS DAIMIEL S.L.;19
DAIMIEL;13250;CARRETERA N-420 KM KM. 231;1239;1099;0;0;WETROAD;19
FUENCALIENTE;13130;CARRETERA N-420 KM. 103,3;1309;1184;0;0;CEPSA;19
FUENTE EL FRESNO;13680;AVENIDA DE LA PROVINCIA, 78;1269;1149;709;0;CARBURANTES QUEVEDO;19
GRANATULA DE CALATRAVA;13360;CALLE ALMAGRO, 3;0;1012;700;0;SOCIEDAD COOPERATIVA AGRARIA EL SANTO CRISTO S. COOP. DE C-LM;19
HERENCIA;13640;420 km 275;1299;1179;814;1429;PETRONOR;19
HERENCIA;13640;AUTOVIA A-4 KM. 153,350;1319;1195;0;1419;REPSOL;19
HORCAJO DE LOS MONTES;13110;CARRETERA CIUDAD REAL KM. 49,200;1309;1179;849;1439;REPSOL;19
LLANOS DEL CAUDILLO;13220;POZOS S/N;0;0;685;0;COOP. LOS LLANOS;19
LUCIANA;13108;CARRETERA N-430, KM. 268,6;1279;1169;799;0;REPSOL;19
MALAGON;13420;CALLE MADRID, 18;1185;1063;0;0;CARBURANTES SEAL;19
MALAGON;13420;AVENIDA FUNDADORES COOPERATIVA, 69;1195;1063;669;0;MONTES NORTE ENERGETICOS, S.L.;19
MALAGON;13420;CALLE CERVANTES, 23;1245;1126;736;1036;CEPSA;19
MALAGON;13429;CR N-401, 165;1305;1189;0;1429;REPSOL;19
MANZANARES;13200;AUTOVIA A-4 KM. 167;1319;1195;0;0;REPSOL;19
MANZANARES;13200;AUTOVIA A-4 KM. 162;1319;1195;0;0;REPSOL;19
MANZANARES;13200;CARRETERA N-4 KM. 171,1;1319;1195;0;1419;REPSOL;19
MANZANARES;13200;CALLE CTRA LA SOLANA, 56;1305;1179;0;1425;REPSOL;19
MANZANARES;13200;CL PASEO CRISTOBAL COLON S.N.;1299;1185;0;0;CAMPSA;19
MANZANARES;13200;CARRETERA CRTA.CR-141 KM 3,70 KM. 3,70;1299;1185;823;1419;REPSOL;19
MANZANARES;13200;AUTOVIA DE ANDALUCIA KM. 173;1315;1195;809;1415;REPSOL;19
MANZANARES;13200;CARRETERA ANTIGUA N-430 ESQ. CTRA. VILLARRUIBA KM. S/N;1239;1129;0;1359;SARAS ENERGIA ;19
MANZANARES;13200;CALLE INDUSTRIAL D, 3;1259;1139;689;0;JESÚS DEL PERDÓN BODEGAS YUNTERO S. COOP. DE C-LM;19
MANZANARES;13200;PLAZA DEL GRAN TEATRO, S/N;1296;0;0;0;CEPSA;19
MEMBRILLA;13230;AUTOVIA CARRETERA GENERAL DE ANDALUCIA KM. 178,800;1315;1183;0;1043;CEPSA;19
MEMBRILLA;13230;CARRETERA N-430 KM. 366,275;1279;1174;796;1394;CEPSA;19
MEMBRILLA;13230;N-430 km 367,1;1279;1155;814;1399;SARAS;19
MEMBRILLA;13230;CARRETERA NACIONAL 430 KM 368 KM. 368;1309;1199;823;1419;REPSOL;19
MEMBRILLA;13230;CARRETERA NACIONAL 430 KM. 371,100;1229;1105;0;0;GRUPO CACHO;19
MIGUELTURRA;13170;CARRETERA VALDEPEÑAS KM. 12;1199;1059;0;0;PETROGOOD;19
MIGUELTURRA;13170;CARRETERA CM-4127 KM. 2,350;1299;1184;0;1414;CEPSA;19
MIGUELTURRA;13170;CARRETERA CTRA VALDEPEÑAS-CIUDAD REAL KM. 4700;1299;1184;0;1414;CEPSA;19
MONTIEL;13326;CARRERA VILLANUEVA DE LOS INFANTES, S/N;1021;1069;655;0;CASTILLO DE MONTIEL;19
MONTIEL;13326;CARRETERA CM 3127 km 12.600;1199;1099;7;0;EE.SS VALLE PIQUERAS;19
MORAL DE CALATRAVA;13350;CARRETERA CM-412 KM. 69,92;1305;1179;0;1425;CAMPSA;19
PEDRO MUÑOZ;13620;AVENIDA DE LA CONSTITUCION, 46;1305;1189;0;1445;REPSOL;19
PEDRO MUÑOZ;13620;AVENIDA JUAN CARLOS I, 99;1298;1177;812;0;BP OIL ESPAÑA;19
PEDRO MUÑOZ;13620;CARRETERA PEDRO MUÑOZ A SOCUELLAMOS KM. 1;0;1011;650;0;SUMNISTROS AGRICOLAS DE PEDRO MUÑOZ S. COOP. DE C-LM;19
PEDRO MUÑOZ;13620;AVENIDA CONSTITUCION, 20;1309;1184;0;0;CEPSA;19
PIEDRABUENA;13100;CARRETERA 7211 KM. 0,200;1209;1079;0;0;GP ENERGIA;19
PIEDRABUENA;13100;CARRETERA NACIONAL 430 KM. 219,7;1279;1169;0;0;CEPSA;19
PORZUNA;13120;CALLE TOLEDO,, 50;1299;1189;0;1439;REPSOL;19
POZUELO DE CALATRAVA;13179;CARRETERA CM-412 KM. 11;1299;1179;690;1038;CEPSA;19
PUEBLA DE DON RODRIGO;13109;CALLE CUATRO ESQUINAS ESQUINA LUIS SEVILLA, S/N;0;1063;669;0;MONTES NORTE ENERGETICOS, S.L.;19
PUEBLA DE DON RODRIGO;13109;CL AVENIDA CASTILLA-LA MANCHA, 1 (N-430 km 230);1299;1189;0;1419;CAMPSA;19
PUERTO LAPICE;13650;CR N-4, 134,8;1319;1195;0;1419;REPSOL;19
PUERTO LAPICE;13650;AUTOVIA N-IV KM. 140,7;1299;1149;0;1419;GALP;19
PUERTO LAPICE;13650;AUTOVIA N-IV KM. 140,5;1299;1149;0;1419;GALP;19
PUERTOLLANO;13500;CARRETERA NACIONAL 420 KM. 160;1304;1134;0;0;CARREFOUR;19
PUERTOLLANO;13500;CALLE ASDRUBAL, 68;1305;1189;0;1445;REPSOL;19
PUERTOLLANO;13500;CARRETERA N420 KM. 160,500;1305;1189;0;1445;REPSOL;19
PUERTOLLANO;13500;CARRETERA CR-503 KM. 3,2;1305;1189;0;1445;REPSOL;19
PUERTOLLANO;13500;CR N-420, 160;1305;1189;0;1445;REPSOL;19
PUERTOLLANO;13500;CARRETERA VARIANTE PUERTOLLANO-REPSOL KM. 11;0;1185;0;0;REPSOL;19
PUERTOLLANO;13500;AVENIDA ANDALUCIA, S/N;1199;1039;0;1259;E.LECLERC;19
PUERTOLLANO;13500;CARRETERA ALMODOVAR KM. 1,500;1219;1069;0;0;CARBURANTES BLUE;19
RUIDERA;13249;AVENIDA CASTILLA LA MANCHA, 59;1299;1179;0;0;REPSOL;19
SACERUELA;13414;CALLE ARENAL, S/N;1299;1189;0;1419;REPSOL;19
SANTA CRUZ DE MUDELA;13730;CARRETERA N 4 KM. 216,9;1319;1195;0;1419;REPSOL;19
SANTA CRUZ DE MUDELA;13730;CARRETERA N- 4 KM. 216,9;1319;1195;0;0;REPSOL;19
SANTA CRUZ DE MUDELA;13730;AUTOVIA ANDALUCIA KM. 222,5;1315;1183;0;1043;CEPSA;19
SANTA CRUZ DE MUDELA;13730;AUTOVIA A-4 KM. 217,350;1315;1195;0;0;GALP;19
SOCUELLAMOS;13630;CALLE CAMPO DE CRIPTANA, 29;0;1077;0;0;TRANSPORTES FELIX E HIJOS, S.L.;19
SOCUELLAMOS;13630;CARRETERA N-310 KM. 105;1299;1189;0;1405;GALP;19
SOCUELLAMOS;13630;POLIGONO EL LLANO, CALLE A, PARCELA, 134;0;1087;656;0;OLIVARERA DE SOCUELLAMOS, S.COOP. DE C-LM;19
SOCUELLAMOS;13630;CALLE PASEO DE LOS MARTIRES, 58;1305;1179;0;1445;CAMPSA;19
SOCUELLAMOS;13630;CR CR-100, 0,9;1305;1179;0;1445;CAMPSA;19
SOCUELLAMOS;13630;CALLE MANIGUA, 4;1303;1184;832;0;CEPSA;19
SOCUELLAMOS;13630;CM-3102 km 23,1;1313;1184;832;0;CEPSA;19
SOLANA (LA);13240;CARRETERA MANZANARES KM. S/N;1279;1155;699;0;GRUPO CACHO;19
SOLANA (LA);13240;CR N-430, 307,3;1305;1179;0;1425;CAMPSA;19
SOLANA (LA);13240;CARRETERA L-603 KM. 24,8;1305;1179;0;1425;REPSOL;19
SOLANA (LA);13240;POLIGONO MAQUINA DE VAPOR, 1;0;1104;0;0;GALANES OIL;19
TERRINCHES;13341;AVENIDA CONSTITUCION, S/N;1195;1007;675;0;E.S.STO.DOMINGO DE GUZMAN;19
TOMELLOSO;13700;CALLE CAMPO, 117;1305;1169;0;1425;REPSOL;19
TOMELLOSO;13700;CALLE SOCUELLAMOS, 92;1305;1169;0;1425;REPSOL;19
TOMELLOSO;13700;CARRETERA CR-122 KM. 26,100;1305;1159;0;1425;REPSOL COMERCIAL;19
TOMELLOSO;13700;VEREDA SOCUELLAMOS, S/N;1274;1144;709;1394;SERTYMAN;19
TOMELLOSO;13700;PASEO SAN ISIDRO, 14;1299;1164;0;1413;CEPSA;19
TOMELLOSO;13700;C/ ZURBARAN. Nº 19;1289;1159;759;0;REPSOL - TOMELLOSO;19
TOMELLOSO;13700;AVENIDA JUAN CARLOS I, 1;1199;1069;0;0;PUNTO AZUL GASOLINERA 24 HORAS;19
TOMELLOSO;13700;CM-400 km 129;1299;1164;796;0;CEPSA;19
TOMELLOSO;13700;CARRETERA N-310 (ARGAMASILLA DE ALBA) KM. 0,800;0;1089;0;0;COTRATO;19
TOMELLOSO;13700;CALLE CAMPO, 146;1219;1099;0;0;EASY FUEL;19
TOMELLOSO;13700;CARRETERA N-310 KM. 93;0;0;0;1394;EROSKI;19
TORRALBA DE CALATRAVA;13160;CALLE DEHESA DEL CAMPO, 5;1195;1074;0;0;ENERGIAS AF;19
TORRALBA DE CALATRAVA;13160;AUTOVIA A-43 KM. 290;1299;1184;0;1414;CEPSA;19
TORRE DE JUAN ABAD;13344;CR CR-614, 25;1305;1189;0;1445;REPSOL;19
TORRENUEVA;13740;CARRETERA VALDEPEÑAS 139 KM. 139;1259;1139;799;1399;SEYBE;19
VALDEPEÑAS;13300;CALLE SUIZA, 1;0;1049;0;0;ENTRECAMINOS;19
VALDEPEÑAS;13300;AVENIDA DEL VINO, SN;1239;1079;0;1309;SIMPLY;19
VALDEPEÑAS;13300;AVENIDA DE LOS ESTUDIANTES, 70;1217;1067;0;0;PETROLOWCOST;19
VALDEPEÑAS;13300;AUTOVIA A-4 KM. 198,7;1335;1175;0;1449;CEPSA;19
VALDEPEÑAS;13300;A-4 km 198,7;1335;1175;0;1449;CEPSA;19
VALDEPEÑAS;13300;CARRETERA 601 KM. 0,700;1279;1139;0;1339;E.S LAGUNA;19
VALDEPEÑAS;13300;CR CM-412, 84,8;1305;1189;0;1445;REPSOL;19
CONSOLACION;13310;AUTOVIA ANDALUCIA KM. 185;1319;1195;853;1419;REPSOL;19
VALDEPEÑAS;13300;CL SEIS DE JUNIO, 247;1309;1185;829;1449;REPSOL;19
VALDEPEÑAS;13300;CARRETERA N - IV KM. 210;1289;1149;0;0;ESAP LA PARÁ ROCIERA;19
VALDEPEÑAS;13300;CTRA. N-IV, P.K. 210;1309;1169;0;1419;GALP;19
VALDEPEÑAS;13300;AUTOVIA  A-4 km 191,536;1285;1164;0;1415;SHELL;19
VALDEPEÑAS;13300;AVENIDA DEL SUR, S/N;1269;1109;0;1409;SARAS ENERGIA ;19
VALDEPEÑAS;13300;AUTOVIA A-4 KM. 193,6;1321;1189;888;1436;CEPSA;19
VILLAHERMOSA;13332;AVENIDA CASTILLA LA MANCHA, 11;1199;1099;699;0;CHM;19
VILLANUEVA DE LA FUENTE;13330;CM 412 km 154.8;1199;1099;789;0;LIBRE;19
VILLANUEVA LOS INFANTES;13320;CALLE PIOXII, 93;1029;1017;820;1041;REPSOL;19
VILLANUEVA LOS INFANTES;13320;CALLE GUARDIA CIVIL, S/N;1017;1004;650;0;NTRA. SRA. ANTIGUA;19
VILLANUEVA LOS INFANTES;13320;CR CR-604, 1,4;1305;1179;0;1415;CAMPSA;19
VILLANUEVA DE SAN CARLOS;13379;CR CR-504, 18,2;1305;1179;808;0;PETRONOR;19
VILLARRUBIA DE LOS OJOS;13670;CARRETERA CARRETERA DE FUENTE EL FRESNO KM 15 KM. 15;1289;1159;709;0;AVIA;19
VILLARRUBIA DE LOS OJOS;13670;PASEO DEL CORDON 104 (CM 4120 km 16,700);1289;1159;709;1429;VILLA RUBEUM,S.L.;19
VILLARRUBIA DE LOS OJOS;13670;CARRETERA CR-201 KM. 17;0;1009;689;0;EL RUBIAL SOC. COOP.;19
VILLARTA DE SAN JUAN;13210;AUTOVIA A-4 KM. 145,330;1299;1169;0;1419;TARAY;19
VILLARTA DE SAN JUAN;13210;CERVANTES, 96;0;1007;65;0;NINGUNO;19
VILLARTA DE SAN JUAN;13210;CALLE CERVANTES, 104;1305;1189;0;1429;REPSOL;19
VISO DEL MARQUES;13770;CARRETERA CM-4111 KM. 64;1305;1179;0;0;REPSOL;19
VISO DEL MARQUES;13770;AVENIDA DE BURJASOT, S/N;0;1125;669;0;VIRGEN DEL VALLE;19
ABENOJAR;13180;CTRA.CM-4.110 km 26,000;1297;1177;796;1377;GALP;16
AGUDO;13410;CR N-502, 32,8;1259;1149;0;0;PETRONOR;16
ALAMILLO;13413;AVDA. LIBERTAD, S/N (CM-4202 km 8);0;1169;0;0;MARIO;16
ALCAZAR DE SAN JUAN;13600;CARRETERA N-420 KM. 284,227;1264;1109;0;1339;CARREFOUR;16
ALCAZAR DE SAN JUAN;13600;CL AVENIDA DE HERENCIA S.N.;1299;1179;0;0;CAMPSA;16
ALCAZAR DE SAN JUAN;13600;CR N-420, 284,7;1299;1179;814;1369;REPSOL;16
ALCAZAR DE SAN JUAN;13600;VÍA PG RESID ALCES, 1;1239;1099;0;0;MACMAOIL;16
CINCO CASAS;13720;CARRETERA ARGAMASILLA DE ALBA-CINCO CASAS KM. 17;1219;1099;689;0;CERFAS-OIL;16
ALCAZAR DE SAN JUAN;13600;CALLE ALAMEDA, 5;1188;1038;0;0;U.S. LA LUNA;16
ALCAZAR DE SAN JUAN;13600;CTRA. N-420 km 286.6;1305;1179;804;1385;CEPSA;16
ALAMEDA DE CERVERA;13690;ESTRADA CM-42, 106/108;1309;1184;804;0;CEPSA;16
ALCOLEA DE CALATRAVA;13107;CARRETERA N-430 KM. 290;1259;1159;0;0;LIBRE;16
ALCUBILLAS;13391;CALLE REAL, S/N;1289;1169;799;0;CEPSA;16
ALDEA DEL REY;13380;CARRETERA ARGAMASILLA-ALMURADIEL KM. 23,2;1279;1169;0;1419;REPSOL;16
ALMADEN;13400;AVENIDA RAMON Y CAJAL, 61;1299;1174;796;1414;CEPSA;16
ALMADEN;13400;POLIGONO POZO DE LAS NIEVES, 12;1309;1179;0;1415;HGOIL;16
ALMAGRO;13270;CL RONDA SANTO DOMINGO, 3;1299;1179;0;0;REPSOL;16
ALMAGRO;13270;CALLE EJIDO DE SAN JUAN, 0;1299;1184;0;1414;CEPSA;16
ALMEDINA;13328;CARRETERA PUEBLA DEL PRINCIPE KM. 1;1179;1002;659;0;E.S. SAN GREGORIO;16
ALMODOVAR DEL CAMPO;13580;CARRETERA CM 4110 KM. 6;1305;1179;0;1385;REPSOL;16
ALMURADIEL;13760;AUTOVIA N-IV KM. 232;1315;1195;844;1355;REPSOL;16
ALMURADIEL;13760;AUTOVIA N-4 KM. 232;1315;1195;844;1355;REPSOL;16
ARENALES DE SAN GREGORIO;13610;POLIGONO RIO CORCOLES PARCELA 1.1, S/N;1319;1199;0;0;LOPEZ SIERRA EE.SS;16
ARENAS DE SAN JUAN;13679;N-420 km 252,1;1319;1199;0;0;REPSOL;16
ARGAMASILLA DE ALBA;13710;CARRETERA NACIONAL 310, KM. 82,500;1299;1179;0;1349;REPSOL;16
ARGAMASILLA DE ALBA;13710;CR N-310, 85,1 (N-310 km 85,18);1299;1179;814;1349;REPSOL;16
ARGAMASILLA DE CALATRAVA;13440;CARRETERA CR-506 KM. 3,300;1309;1179;0;1389;REPSOL;16
ARGAMASILLA DE CALATRAVA;13440;POLIGONO MANZANARES, 6;1249;1089;0;0;GASOLEOSJUCO;16
BOLAÑOS DE CALATRAVA;13260;CARRETERA CM 4124 KM. 25,7;1229;1129;0;0;E.S.MAZ;16
BOLAÑOS DE CALATRAVA;13260;CARDENAL CISNEROS, S/N;1229;1109;665;1429;CARBURANTES BOLAÑOS S.L.;16
BOLAÑOS DE CALATRAVA;13260;CALLE CTRA. C-417, PK. KM 17,, 17;1269;1159;0;1439;SARAS;16
BOLAÑOS DE CALATRAVA;13260;CARRETERA DAIMIEL KM. 23;1305;1186;809;0;CEPSA;16
BRAZATORTAS;13450;CR N-420 141,9;1305;1179;0;1369;REPSOL;16
BRAZATORTAS;13450;CARRETERA NACIONAL 420 KM. 143,700;1299;1169;0;1439;GALP LA JUNQUERA;16
BRAZATORTAS;13450;CARRETERA CABEZARRUBIAS KM. 1;1239;1109;699;0;UNIDAD DE SERVICIO;16
CALZADA DE CALATRAVA;13370;CARRETERA C-410 km 31.092;1299;1169;739;1389;P G E HIJOS;16
CAMPO DE CRIPTANA;13610;CARRETERA N-420 KM. 295;1299;1179;720;1359;COMBUSTIBLES CRIPTANA,SL;16
CAMPO DE CRIPTANA;13610;CARRETERA NACIONAL 420 KM. 292,700;1299;1179;0;1359;GALP DISTRIBUCION OIL ESPAÑA, S.A.U.;16
CAMPO DE CRIPTANA;13610;CR N-420, 296;1299;1179;0;0;REPSOL;16
CAMPO DE CRIPTANA;13610;CALLE MOTA, 2;0;1059;0;0;TRAVESA;16
CAMPO DE CRIPTANA;13610;CONCEPCION, 135 (CTRA. N-420);0;1069;649;0;BODEGAS SIMBOLO, SDAD. COOP. DE C-LM NTRA. SRA. DE CRIPTANA;16
CAMPO DE CRIPTANA;13610;AVENIDA DE LA HISPANIDAD, 10;1305;1169;0;1365;PETRONOR;16
CARRION DE CALATRAVA;13150;CARRETERA CARRION A FERNANCABALLERO km 0.5;0;1063;669;0;MONTES NORTE ENERGETICOS, S.L.;16
CARRION DE CALATRAVA;13150;CARRETERA NACIONAL 430 KM. 317;1305;1179;0;1385;REPSOL;16
CARRIZOSA;13329;CR CM-3129, 7 (CM-3129 km 11,6);1295;1169;814;1345;PETRONOR;16
CASTELLAR DE SANTIAGO;13750;CALLE BAILEN, 2;1309;1195;824;0;REPSOL;16
CHILLON;13412;CARRETERA ALMADEN-CHILLON KM. ;1309;1179;795;0;HGOIL;16
CIUDAD REAL;13005;PG P.I. LARACHE,PARC.93, S.N.;1309;1189;0;1449;REPSOL;16
CIUDAD REAL;13005;CARRETERA N-430 KM. 304,42;1299;1179;0;1379;REPSOL;16
CIUDAD REAL;13005;CR CR-514, 0,3;1299;1179;0;1379;REPSOL;16
CIUDAD REAL;13003;RONDA PUERTA DE TOLEDO, 5;1299;1179;0;0;REPSOL;16
CIUDAD REAL;13004;CALLE RONDA DE LA MATA, S/N;1299;1179;0;1379;REPSOL;16
CIUDAD REAL;13002;RONDA DE ALARCOS, 21;1299;1179;0;1379;REPSOL;16
CIUDAD REAL;13005;CR N-401, 183,6;1299;1179;0;1379;REPSOL;16
CIUDAD REAL;13004;AVENIDA EUROPA, 45;1020;1006;0;1029;EROSKI;16
CIUDAD REAL;13005;CALLE TORRENUEVA, 1;1199;1059;0;0;PETRONIEVES;16
CIUDAD REAL;13005;CARRETERA N-430 KM. 309,2;1299;1184;0;1414;CEPSA;16
CIUDAD REAL;13005;CARRETERA N-430 KM KM. 305,1;1269;1169;0;1379;CEPSA;16
CIUDAD REAL;13002;CARRETERA DE PORZUNA KM. ;1020;1006;0;1029;E.LECLERC;16
CIUDAD REAL;13197;CARRETERA CTRA PUERTOLLANO KM 195 KM. ;1259;1139;0;1437;SHELL;16
CIUDAD REAL;13005;CARRETERA NACIONAL 430 KM. 309,900;1279;1165;0;1459;SHELL CARRION;16
CIUDAD REAL;13003;CALLE RONDA DE TOLEDO, 21;1249;1129;0;1427;SHELL;16
CIUDAD REAL;13002;AVENIDA PARQUE DE CABAÑEROS, S/N;1269;1149;0;1409;GALP;16
CORRAL DE CALATRAVA;13190;CARRETERA N-420 KM. 180;1295;1179;0;1375;REPSOL;16
CORTIJOS DE ARRIBA;13427;AVDA. DE LA LOMA, Nº 22;1279;1169;780;0;LA LOMA;16
DAIMIEL;13250;CARRETERA NACIONAL 430 KM. 269,9;1299;1189;824;0;REPSOL;16
DAIMIEL;13250;CALLE TIBURCIO, 98;1299;1199;824;1359;REPSOL;16
DAIMIEL;13250;NACIONAL 420 km 236;1329;1209;0;0;ESTACION DE SERVICIOS DAIMIEL S.L.;16
DAIMIEL;13250;CARRETERA CM.4114 KM. 50;1298;1189;824;0;FERSA COMBUSTIBLES, S.L.;16
DAIMIEL;13250;CALLE BODEGUEROS, PARCELA, 48;0;1099;0;0;GRUPO LOGISTICO CODAITRANS;16
DAIMIEL;13250;CALLE CARRETEROS, 1;0;1059;0;0;GRUPO TRANSLOGISTICA;16
DAIMIEL;13250;CALLE HERREROS, 1;0;1065;665;0;COOP. LOS POZOS;16
DAIMIEL;13250;AVENIDA DE LA ENERGIA, 1;1299;1199;0;1409;REPSOL;16
DAIMIEL;13250;CARRETERA N-420 KM KM. 231;1239;1099;0;0;WETROAD;16
FUENCALIENTE;13130;CARRETERA N-420 KM. 103,3;1306;1184;0;0;CEPSA;16
FUENTE EL FRESNO;13680;AVENIDA DE LA PROVINCIA, 78;1269;1149;709;0;CARBURANTES QUEVEDO;16
GRANATULA DE CALATRAVA;13360;CALLE ALMAGRO, 3;0;1012;700;0;SOCIEDAD COOPERATIVA AGRARIA EL SANTO CRISTO S. COOP. DE C-LM;16
HERENCIA;13640;420 km 275;1299;1179;814;1429;PETRONOR;16
HERENCIA;13640;AUTOVIA A-4 KM. 153,350;1315;1195;0;1355;REPSOL;16
HORCAJO DE LOS MONTES;13110;CARRETERA CIUDAD REAL KM. 49,200;1309;1179;849;1439;REPSOL;16
LLANOS DEL CAUDILLO;13220;POZOS S/N;0;0;670;0;COOP. LOS LLANOS;16
LUCIANA;13108;CARRETERA N-430, KM. 268,6;1279;1169;799;0;REPSOL;16
MALAGON;13420;AVENIDA FUNDADORES COOPERATIVA, 69;1185;1063;669;0;MONTES NORTE ENERGETICOS, S.L.;16
MALAGON;13420;CALLE MADRID, 18;1016;1048;0;0;CARBURANTES SEAL;16
MALAGON;13420;CALLE CERVANTES, 23;1233;1119;736;1348;CEPSA;16
MALAGON;13429;CR N-401, 165;1279;1189;813;1343;REPSOL;16
MANZANARES;13200;AUTOVIA A-4 KM. 162;1315;1195;815;0;REPSOL;16
MANZANARES;13200;CALLE CTRA LA SOLANA, 56;1285;1179;814;1345;REPSOL;16
MANZANARES;13200;CARRETERA N-4 KM. 171,1;1315;1195;0;1355;REPSOL;16
MANZANARES;13200;AUTOVIA A-4 KM. 167;1315;1195;831;0;REPSOL;16
MANZANARES;13200;CL PASEO CRISTOBAL COLON S.N.;1285;1179;0;0;CAMPSA;16
MANZANARES;13200;AUTOVIA DE ANDALUCIA KM. 173;1305;1179;809;1405;REPSOL;16
MANZANARES;13200;CALLE INDUSTRIAL D, 3;1249;1129;689;0;JESÚS DEL PERDÓN BODEGAS YUNTERO S. COOP. DE C-LM;16
MANZANARES;13200;CARRETERA CRTA.CR-141 KM 3,70 KM. 3,70;1289;1179;804;1349;REPSOL;16
MANZANARES;13200;CARRETERA ANTIGUA N-430 ESQ. CTRA. VILLARRUIBA KM. S/N;1289;1169;0;1409;SARAS ENERGIA ;16
MANZANARES;13200;PLAZA DEL GRAN TEATRO, S/N;1299;0;0;0;CEPSA;16
MEMBRILLA;13230;N-430 km 367,1;1279;1159;814;1399;SARAS;16
MEMBRILLA;13230;CARRETERA NACIONAL 430 KM 368 KM. 368;1299;1179;804;1349;REPSOL;16
MEMBRILLA;13230;CARRETERA N-430 KM. 366,275;1279;1174;796;1394;CEPSA;16
MEMBRILLA;13230;AUTOVIA CARRETERA GENERAL DE ANDALUCIA KM. 178,800;1319;1183;0;1434;CEPSA;16
MEMBRILLA;13230;CARRETERA NACIONAL 430 KM. 371,100;1225;1099;0;0;GRUPO CACHO;16
MIGUELTURRA;13170;CARRETERA VALDEPEÑAS KM. 12;1199;1059;0;0;PETROGOOD;16
MIGUELTURRA;13170;CARRETERA CTRA VALDEPEÑAS-CIUDAD REAL KM. 4700;1299;1184;0;1414;CEPSA;16
MIGUELTURRA;13170;CARRETERA CM-4127 KM. 2,350;1279;1174;0;1394;CEPSA;16
MONTIEL;13326;CARRETERA CM 3127 km 12.600;1195;1079;700;0;EE.SS VALLE PIQUERAS;16
MORAL DE CALATRAVA;13350;CARRETERA CM-412 KM. 69,92;1299;1179;824;1359;CAMPSA;16
PEDRO MUÑOZ;13620;AVENIDA DE LA CONSTITUCION, 46;1299;1179;814;1379;REPSOL;16
PEDRO MUÑOZ;13620;AVENIDA CONSTITUCION, 20;1303;1184;0;0;CEPSA;16
PEDRO MUÑOZ;13620;AVENIDA JUAN CARLOS I, 99;1297;1156;802;0;BP OIL ESPAÑA;16
PEDRO MUÑOZ;13620;CARRETERA PEDRO MUÑOZ A SOCUELLAMOS KM. 1;0;1011;640;0;SUMNISTROS AGRICOLAS DE PEDRO MUÑOZ S. COOP. DE C-LM;16
PIEDRABUENA;13100;CARRETERA 7211 KM. 0,200;1209;1079;0;0;GP ENERGIA;16
PIEDRABUENA;13100;CARRETERA NACIONAL 430 KM. 219,7;1279;1169;0;0;CEPSA;16
PORZUNA;13120;CALLE TOLEDO,, 50;1299;1179;814;1379;REPSOL;16
POZUELO DE CALATRAVA;13179;CARRETERA CM-412 KM. 11;1299;1179;690;1038;CEPSA;16
PUEBLA DE DON RODRIGO;13109;CL AVENIDA CASTILLA-LA MANCHA, 1 (N-430 km 230);1299;1189;818;1359;CAMPSA;16
PUEBLA DE DON RODRIGO;13109;CALLE CUATRO ESQUINAS ESQUINA LUIS SEVILLA, S/N;0;1063;669;0;MONTES NORTE ENERGETICOS, S.L.;16
PUERTO LAPICE;13650;AUTOVIA N-IV KM. 140,7;1309;1179;0;1429;GALP;16
PUERTO LAPICE;13650;AUTOVIA N-IV KM. 140,5;1309;1179;0;1429;GALP;16
PUERTO LAPICE;13650;CR N-4, 134,8;1315;1195;0;1355;REPSOL;16
PUERTOLLANO;13500;CARRETERA N420 KM. 160,500;1309;1179;0;1389;REPSOL;16
PUERTOLLANO;13500;CALLE ASDRUBAL, 68;1309;1179;0;1389;REPSOL;16
PUERTOLLANO;13500;CARRETERA CR-503 KM. 3,2;1309;1179;0;1389;REPSOL;16
PUERTOLLANO;13500;CR N-420, 160;1309;1179;0;1389;REPSOL;16
PUERTOLLANO;13500;AVENIDA ANDALUCIA, S/N;1199;1039;0;1259;E.LECLERC;16
PUERTOLLANO;13500;CARRETERA NACIONAL 420 KM. 160;1284;1124;0;0;CARREFOUR;16
PUERTOLLANO;13500;CARRETERA VARIANTE PUERTOLLANO-REPSOL KM. 11;0;1179;0;0;REPSOL;16
PUERTOLLANO;13500;CARRETERA ALMODOVAR KM. 1,500;1219;1069;0;0;CARBURANTES BLUE;16
ROBLEDO (EL);13114;CR CR-722, 11,7;1269;1149;789;1389;PETRONOR;16
RUIDERA;13249;AVENIDA CASTILLA LA MANCHA, 59;1299;1179;0;0;REPSOL;16
SACERUELA;13414;CALLE ARENAL, S/N;1299;1189;812;1359;REPSOL;16
SANTA CRUZ DE MUDELA;13730;CARRETERA N- 4 KM. 216,9;1315;1195;844;0;REPSOL;16
SANTA CRUZ DE MUDELA;13730;CARRETERA N 4 KM. 216,9;1315;1195;844;1355;REPSOL;16
SANTA CRUZ DE MUDELA;13730;AUTOVIA ANDALUCIA KM. 222,5;1319;1183;0;1434;CEPSA;16
SANTA CRUZ DE MUDELA;13730;AUTOVIA A-4 KM. 217,350;1315;1195;0;0;GALP;16
SOCUELLAMOS;13630;CM-3102 km 23,1;1304;1184;824;0;CEPSA;16
SOCUELLAMOS;13630;CALLE PASEO DE LOS MARTIRES, 58;1299;1179;834;1379;CAMPSA;16
SOCUELLAMOS;13630;CR CR-100, 0,9;1299;1179;834;1379;CAMPSA;16
SOCUELLAMOS;13630;CARRETERA N-310 KM. 105;1299;1179;0;1405;GALP;16
SOCUELLAMOS;13630;POLIGONO EL LLANO, CALLE A, PARCELA, 134;0;1087;656;0;OLIVARERA DE SOCUELLAMOS, S.COOP. DE C-LM;16
SOCUELLAMOS;13630;CALLE CAMPO DE CRIPTANA, 29;0;1077;0;0;TRANSPORTES FELIX E HIJOS, S.L.;16
SOCUELLAMOS;13630;CALLE MANIGUA, 4;1299;1174;815;0;CEPSA;16
SOLANA (LA);13240;CR N-430, 307,3;1299;1179;824;1359;CAMPSA;16
SOLANA (LA);13240;CARRETERA L-603 KM. 24,8;1299;1179;824;1359;REPSOL;16
SOLANA (LA);13240;CARRETERA MANZANARES KM. S/N;1275;1149;699;0;GRUPO CACHO;16
SOLANA (LA);13240;POLIGONO MAQUINA DE VAPOR, 1;0;1104;0;0;GALANES OIL;16
TERRINCHES;13341;AVENIDA CONSTITUCION, S/N;1017;1004;650;0;E.S.STO.DOMINGO DE GUZMAN;16
TOMELLOSO;13700;PASEO SAN ISIDRO, 14;1283;1154;0;1398;CEPSA;16
TOMELLOSO;13700;CARRETERA N-310 (ARGAMASILLA DE ALBA) KM. 0,800;0;1089;0;0;COTRATO;16
TOMELLOSO;13700;CALLE CAMPO, 146;1199;1079;0;0;EASY FUEL;16
TOMELLOSO;13700;AVENIDA JUAN CARLOS I, 1;1199;1069;0;0;PUNTO AZUL GASOLINERA 24 HORAS;16
TOMELLOSO;13700;VEREDA SOCUELLAMOS, S/N;1264;1139;709;1384;SERTYMAN;16
TOMELLOSO;13700;CM-400 km 129;1299;1164;796;0;CEPSA;16
TOMELLOSO;13700;C/ ZURBARAN. Nº 19;1279;1149;749;0;REPSOL - TOMELLOSO;16
TOMELLOSO;13700;CALLE CAMPO, 117;1299;1179;0;1359;REPSOL;16
TOMELLOSO;13700;CALLE SOCUELLAMOS, 92;1299;1179;0;1359;REPSOL;16
TOMELLOSO;13700;CARRETERA CR-122 KM. 26,100;1299;1179;0;1359;REPSOL COMERCIAL;16
TOMELLOSO;13700;CARRETERA N-310 KM. 93;1199;1069;0;1384;EROSKI;16
TORRALBA DE CALATRAVA;13160;AUTOVIA A-43 KM. 290;1305;1186;0;1042;CEPSA;16
TORRALBA DE CALATRAVA;13160;CALLE DEHESA DEL CAMPO, 5;1195;1074;0;0;ENERGIAS AF;16
TORRE DE JUAN ABAD;13344;CR CR-614, 25;1299;1175;0;1379;REPSOL;16
TORRENUEVA;13740;CARRETERA VALDEPEÑAS 139 KM. 139;1259;1139;799;1399;SEYBE;16
VALDEPEÑAS;13300;CARRETERA 601 KM. 0,700;1279;1139;0;1339;E.S LAGUNA;16
VALDEPEÑAS;13300;CALLE SUIZA, 1;0;1049;0;0;ENTRECAMINOS;16
VALDEPEÑAS;13300;AVENIDA DE LOS ESTUDIANTES, 70;1197;1057;0;0;PETROLOWCOST;16
VALDEPEÑAS;13300;CARRETERA N - IV KM. 210;1279;1139;0;0;ESAP LA PARÁ ROCIERA;16
VALDEPEÑAS;13300;AUTOVIA A-4 KM. 198,7;1335;1175;0;1449;CEPSA;16
VALDEPEÑAS;13300;A-4 km 198,7;1335;1175;0;1449;CEPSA;16
VALDEPEÑAS;13300;CTRA. N-IV, P.K. 210;1299;1159;0;1409;GALP;16
VALDEPEÑAS;13300;AVENIDA DEL SUR, S/N;1285;1135;0;1425;SARAS ENERGIA ;16
VALDEPEÑAS;13300;AUTOVIA  A-4 km 191,536;1309;1179;0;1439;SHELL;16
VALDEPEÑAS;13300;CR CM-412, 84,8;1299;1179;824;1379;REPSOL;16
VALDEPEÑAS;13300;AVENIDA DEL VINO, SN;1239;1079;0;1309;SIMPLY;16
VALDEPEÑAS;13300;AUTOVIA A-4 KM. 193,6;1325;1189;888;1044;CEPSA;16
VALDEPEÑAS;13300;CL SEIS DE JUNIO, 247;1305;1195;824;1385;REPSOL;16
CONSOLACION;13310;AUTOVIA ANDALUCIA KM. 185;1315;1195;844;1355;REPSOL;16
VILLAHERMOSA;13332;AVENIDA CASTILLA LA MANCHA, 11;1199;1099;699;0;CHM;16
VILLANUEVA DE LA FUENTE;13330;CM 412 km 154.8;1189;1089;789;0;LIBRE;16
VILLANUEVA LOS INFANTES;13320;CALLE PIOXII, 93;1027;1015;800;1039;REPSOL;16
VILLANUEVA LOS INFANTES;13320;CR CR-604, 1,4;1295;1169;824;1345;CAMPSA;16
VILLANUEVA LOS INFANTES;13320;CALLE GUARDIA CIVIL, S/N;1016;1065;660;0;NTRA. SRA. ANTIGUA;16
VILLANUEVA DE SAN CARLOS;13379;CR CR-504, 18,2;1299;1159;808;0;PETRONOR;16
VILLARRUBIA DE LOS OJOS;13670;PASEO DEL CORDON 104 (CM 4120 km 16,700);1269;1139;699;1409;VILLA RUBEUM,S.L.;16
VILLARRUBIA DE LOS OJOS;13670;CARRETERA CR-201 KM. 17;0;1009;689;0;EL RUBIAL SOC. COOP.;16
VILLARRUBIA DE LOS OJOS;13670;CARRETERA CARRETERA DE FUENTE EL FRESNO KM 15 KM. 15;1289;1159;709;0;AVIA;16
VILLARTA DE SAN JUAN;13210;CALLE CERVANTES, 104;1299;1179;834;1363;REPSOL;16
VILLARTA DE SAN JUAN;13210;AUTOVIA A-4 KM. 145,330;1299;1169;0;1419;TARAY;16
VILLARTA DE SAN JUAN;13210;CERVANTES, 96;0;1005;640;0;NINGUNO;16
VISO DEL MARQUES;13770;AVENIDA DE BURJASOT, S/N;0;1125;669;0;VIRGEN DEL VALLE;16
VISO DEL MARQUES;13770;CARRETERA CM-4111 KM. 64;1299;1179;813;0;REPSOL;16
ABENOJAR;13180;CTRA.CM-4.110 km 26,000;1297;1173;796;1437;GALP;12
AGUDO;13410;CR N-502, 32,8;1259;1149;0;0;PETRONOR;12
ALAMILLO;13413;AVDA. LIBERTAD, S/N (CM-4202 km 8);0;1149;0;0;MARIO;12
ALAMEDA DE CERVERA;13690;ESTRADA CM-42, 106/108;1289;1165;804;0;CEPSA;12
CINCO CASAS;13720;CARRETERA ARGAMASILLA DE ALBA-CINCO CASAS KM. 17;1219;1099;689;0;CERFAS-OIL;12
ALCAZAR DE SAN JUAN;13600;CARRETERA N-420 KM. 284,227;1259;1109;0;1339;CARREFOUR;12
ALCAZAR DE SAN JUAN;13600;VÍA PG RESID ALCES, 1;1249;1085;0;0;MACMAOIL;12
ALCAZAR DE SAN JUAN;13600;CALLE ALAMEDA, 5;1188;1038;0;0;U.S. LA LUNA;12
ALCAZAR DE SAN JUAN;13600;CTRA. N-420 km 286.6;1299;1155;804;1409;CEPSA;12
ALCAZAR DE SAN JUAN;13600;CL AVENIDA DE HERENCIA S.N.;1305;1179;0;0;CAMPSA;12
ALCAZAR DE SAN JUAN;13600;CR N-420, 284,7;1305;1179;804;1375;REPSOL;12
ALCOLEA DE CALATRAVA;13107;CARRETERA N-430 KM. 290;1259;1159;0;0;LIBRE;12
ALCUBILLAS;13391;CALLE REAL, S/N;1289;1169;799;0;CEPSA;12
ALDEA DEL REY;13380;CARRETERA ARGAMASILLA-ALMURADIEL KM. 23,2;1279;1169;0;1419;REPSOL;12
ALMADEN;13400;POLIGONO POZO DE LAS NIEVES, 12;1299;1169;0;1405;HGOIL;12
ALMADEN;13400;AVENIDA RAMON Y CAJAL, 61;1299;1174;796;1414;CEPSA;12
ALMAGRO;13270;CL RONDA SANTO DOMINGO, 3;1305;1189;0;0;REPSOL;12
ALMAGRO;13270;CALLE EJIDO DE SAN JUAN, 0;1289;1179;0;1404;CEPSA;12
ALMEDINA;13328;CARRETERA PUEBLA DEL PRINCIPE KM. 1;1179;1002;659;0;E.S. SAN GREGORIO;12
ALMODOVAR DEL CAMPO;13580;CARRETERA CM 4110 KM. 6;1299;1179;0;1379;REPSOL;12
ALMURADIEL;13760;AUTOVIA N-IV KM. 232;1319;1195;834;1359;REPSOL;12
ALMURADIEL;13760;AUTOVIA N-4 KM. 232;1319;1195;834;1359;REPSOL;12
ARENALES DE SAN GREGORIO;13610;POLIGONO RIO CORCOLES PARCELA 1.1, S/N;1299;1179;0;0;LOPEZ SIERRA EE.SS;12
ARENAS DE SAN JUAN;13679;N-420 km 252,1;1299;1179;0;0;REPSOL;12
ARGAMASILLA DE ALBA;13710;CARRETERA NACIONAL 310, KM. 82,500;1305;1169;0;1355;REPSOL;12
ARGAMASILLA DE ALBA;13710;CR N-310, 85,1 (N-310 km 85,18);1305;1169;804;1355;REPSOL;12
ARGAMASILLA DE CALATRAVA;13440;CARRETERA CR-506 KM. 3,300;1315;1179;0;1395;REPSOL;12
ARGAMASILLA DE CALATRAVA;13440;POLIGONO MANZANARES, 6;1239;1079;0;0;GASOLEOSJUCO;12
BOLAÑOS DE CALATRAVA;13260;CARRETERA DAIMIEL KM. 23;1289;1179;809;0;CEPSA;12
BOLAÑOS DE CALATRAVA;13260;CARDENAL CISNEROS, S/N;1229;1109;655;1429;CARBURANTES BOLAÑOS S.L.;12
BOLAÑOS DE CALATRAVA;13260;CARRETERA CM 4124 KM. 25,7;1229;1129;0;0;E.S.MAZ;12
BOLAÑOS DE CALATRAVA;13260;CALLE CTRA. C-417, PK. KM 17,, 17;1259;1149;0;1429;SARAS;12
BRAZATORTAS;13450;CR N-420 141,9;1305;1179;0;1369;REPSOL;12
BRAZATORTAS;13450;CARRETERA CABEZARRUBIAS KM. 1;1239;1109;699;0;UNIDAD DE SERVICIO;12
BRAZATORTAS;13450;CARRETERA NACIONAL 420 KM. 143,700;1299;1169;0;1439;GALP LA JUNQUERA;12
CALZADA DE CALATRAVA;13370;CARRETERA C-410 km 31.092;1259;1149;719;1389;P G E HIJOS;12
CAMPO DE CRIPTANA;13610;CONCEPCION, 135 (CTRA. N-420);0;1069;649;0;BODEGAS SIMBOLO, SDAD. COOP. DE C-LM NTRA. SRA. DE CRIPTANA;12
CAMPO DE CRIPTANA;13610;CARRETERA NACIONAL 420 KM. 292,700;1299;1159;0;1385;GALP DISTRIBUCION OIL ESPAÑA, S.A.U.;12
CAMPO DE CRIPTANA;13610;CARRETERA N-420 KM. 295;1299;1159;680;1419;COMBUSTIBLES CRIPTANA,SL;12
CAMPO DE CRIPTANA;13610;AVENIDA DE LA HISPANIDAD, 10;1299;1159;0;1419;PETRONOR;12
CAMPO DE CRIPTANA;13610;CALLE MOTA, 2;0;1059;0;0;TRAVESA;12
CAMPO DE CRIPTANA;13610;CR N-420, 296;1305;1169;0;0;REPSOL;12
CARRION DE CALATRAVA;13150;CARRETERA CARRION A FERNANCABALLERO km 0.5;0;1059;655;0;MONTES NORTE ENERGETICOS, S.L.;12
CARRION DE CALATRAVA;13150;CARRETERA NACIONAL 430 KM. 317;1309;1189;0;1389;REPSOL;12
CARRIZOSA;13329;CR CM-3129, 7 (CM-3129 km 11,6);1299;1169;804;1349;PETRONOR;12
CASTELLAR DE SANTIAGO;13750;CALLE BAILEN, 2;1305;1195;824;0;REPSOL;12
CHILLON;13412;CARRETERA ALMADEN-CHILLON KM. ;1299;1169;795;0;HGOIL;12
CIUDAD REAL;13004;AVENIDA EUROPA, 45;1018;1005;0;1027;EROSKI;12
CIUDAD REAL;13005;PG P.I. LARACHE,PARC.93, S.N.;1289;1165;0;1429;REPSOL;12
CIUDAD REAL;13005;CALLE TORRENUEVA, 1;1018;1005;0;0;PETRONIEVES;12
CIUDAD REAL;13002;AVENIDA PARQUE DE CABAÑEROS, S/N;1269;1149;0;1409;GALP;12
CIUDAD REAL;13005;CARRETERA N-430 KM KM. 305,1;1289;1169;0;1399;CEPSA;12
CIUDAD REAL;13005;CARRETERA NACIONAL 430 KM. 309,900;1279;1165;0;1459;SHELL CARRION;12
CIUDAD REAL;13003;CALLE RONDA DE TOLEDO, 21;1249;1129;0;1427;SHELL;12
CIUDAD REAL;13197;CARRETERA CTRA PUERTOLLANO KM 195 KM. ;1259;1139;0;1437;SHELL;12
CIUDAD REAL;13002;CARRETERA DE PORZUNA KM. ;1018;1005;0;1027;E.LECLERC;12
CIUDAD REAL;13005;CR CR-514, 0,3;1305;1179;0;1385;REPSOL;12
CIUDAD REAL;13005;CARRETERA N-430 KM. 304,42;1305;1179;0;1385;REPSOL;12
CIUDAD REAL;13003;RONDA PUERTA DE TOLEDO, 5;1305;1179;0;0;REPSOL;12
CIUDAD REAL;13004;CALLE RONDA DE LA MATA, S/N;1305;1179;0;1385;REPSOL;12
CIUDAD REAL;13005;CR N-401, 183,6;1305;1179;0;1385;REPSOL;12
CIUDAD REAL;13002;RONDA DE ALARCOS, 21;1305;1179;0;1385;REPSOL;12
CIUDAD REAL;13005;CARRETERA N-430 KM. 309,2;1286;1179;0;1401;CEPSA;12
CORRAL DE CALATRAVA;13190;CARRETERA N-420 KM. 180;1299;1179;0;1379;REPSOL;12
CORTIJOS DE ARRIBA;13427;AVDA. DE LA LOMA, Nº 22;1269;1159;780;0;LA LOMA;12
DAIMIEL;13250;CARRETERA N-420 KM KM. 231;1209;1079;0;0;WETROAD;12
DAIMIEL;13250;CALLE CARRETEROS, 1;0;1059;0;0;GRUPO TRANSLOGISTICA;12
DAIMIEL;13250;NACIONAL 420 km 236;1299;1179;0;0;ESTACION DE SERVICIOS DAIMIEL S.L.;12
DAIMIEL;13250;CALLE HERREROS, 1;0;1065;665;0;COOP. LOS POZOS;12
DAIMIEL;13250;AVENIDA DE LA ENERGIA, 1;1289;1185;0;1409;REPSOL;12
DAIMIEL;13250;CALLE BODEGUEROS, PARCELA, 48;0;1079;0;0;GRUPO LOGISTICO CODAITRANS;12
DAIMIEL;13250;CARRETERA NACIONAL 430 KM. 269,9;1305;1199;814;0;REPSOL;12
DAIMIEL;13250;CALLE TIBURCIO, 98;1305;1209;814;1365;REPSOL;12
DAIMIEL;13250;CARRETERA CM.4114 KM. 50;1288;1184;819;0;FERSA COMBUSTIBLES, S.L.;12
FUENCALIENTE;13130;CARRETERA N-420 KM. 103,3;1299;1179;0;0;CEPSA;12
FUENTE EL FRESNO;13680;AVENIDA DE LA PROVINCIA, 78;1249;1129;689;0;CARBURANTES QUEVEDO;12
GRANATULA DE CALATRAVA;13360;CALLE ALMAGRO, 3;0;1010;685;0;SOCIEDAD COOPERATIVA AGRARIA EL SANTO CRISTO S. COOP. DE C-LM;12
HERENCIA;13640;420 km 275;1305;1179;804;1375;PETRONOR;12
HERENCIA;13640;AUTOVIA A-4 KM. 153,350;1319;1195;0;1359;REPSOL;12
HORCAJO DE LOS MONTES;13110;CARRETERA CIUDAD REAL KM. 49,200;1289;1169;829;1439;REPSOL;12
LLANOS DEL CAUDILLO;13220;POZOS S/N;0;0;670;0;COOP. LOS LLANOS;12
LUCIANA;13108;CARRETERA N-430, KM. 268,6;1279;1169;799;0;REPSOL;12
MALAGON;13429;CR N-401, 165;1285;1199;803;1349;REPSOL;12
MALAGON;13420;AVENIDA FUNDADORES COOPERATIVA, 69;1017;1059;655;0;MONTES NORTE ENERGETICOS, S.L.;12
MALAGON;13420;CALLE MADRID, 18;1016;1048;0;0;CARBURANTES SEAL;12
MALAGON;13420;CALLE CERVANTES, 23;1233;1119;736;1348;CEPSA;12
MANZANARES;13200;AUTOVIA DE ANDALUCIA KM. 173;1305;1179;809;1405;REPSOL;12
MANZANARES;13200;CALLE INDUSTRIAL D, 3;1249;1129;689;0;JESÚS DEL PERDÓN BODEGAS YUNTERO S. COOP. DE C-LM;12
MANZANARES;13200;CL PASEO CRISTOBAL COLON S.N.;1269;1165;0;0;CAMPSA;12
MANZANARES;13200;CARRETERA N-4 KM. 171,1;1319;1195;0;1359;REPSOL;12
MANZANARES;13200;AUTOVIA A-4 KM. 167;1319;1195;821;0;REPSOL;12
MANZANARES;13200;AUTOVIA A-4 KM. 162;1319;1195;805;0;REPSOL;12
MANZANARES;13200;CALLE CTRA LA SOLANA, 56;1289;1179;804;1349;REPSOL;12
MANZANARES;13200;CARRETERA ANTIGUA N-430 ESQ. CTRA. VILLARRUIBA KM. S/N;1239;1129;0;1359;SARAS ENERGIA ;12
MANZANARES;13200;CARRETERA CRTA.CR-141 KM 3,70 KM. 3,70;1269;1165;814;1389;REPSOL;12
MANZANARES;13200;PLAZA DEL GRAN TEATRO, S/N;1286;0;0;0;CEPSA;12
MEMBRILLA;13230;CARRETERA NACIONAL 430 KM 368 KM. 368;1279;1169;814;1389;REPSOL;12
MEMBRILLA;13230;N-430 km 367,1;1249;1135;804;1369;SARAS;12
MEMBRILLA;13230;CARRETERA NACIONAL 430 KM. 371,100;1219;1105;0;0;GRUPO CACHO;12
MEMBRILLA;13230;AUTOVIA CARRETERA GENERAL DE ANDALUCIA KM. 178,800;1309;1179;0;1424;CEPSA;12
MEMBRILLA;13230;CARRETERA N-430 KM. 366,275;1279;1174;796;1394;CEPSA;12
MIGUELTURRA;13170;CARRETERA VALDEPEÑAS KM. 12;1179;1049;0;0;PETROGOOD;12
MIGUELTURRA;13170;CARRETERA CM-4127 KM. 2,350;1279;1174;0;1394;CEPSA;12
MIGUELTURRA;13170;CARRETERA CTRA VALDEPEÑAS-CIUDAD REAL KM. 4700;1289;1179;0;1404;CEPSA;12
MONTIEL;13326;CARRETERA CM 3127 km 12.600;1195;1079;700;0;EE.SS VALLE PIQUERAS;12
MONTIEL;13326;CARRERA VILLANUEVA DE LOS INFANTES, S/N;1018;1045;635;0;CASTILLO DE MONTIEL;12
MORAL DE CALATRAVA;13350;CARRETERA CM-412 KM. 69,92;1305;1185;814;1365;CAMPSA;12
PEDRO MUÑOZ;13620;AVENIDA DE LA CONSTITUCION, 46;1305;1179;804;1385;REPSOL;12
PEDRO MUÑOZ;13620;AVENIDA CONSTITUCION, 20;1309;1179;0;0;CEPSA;12
PEDRO MUÑOZ;13620;CARRETERA PEDRO MUÑOZ A SOCUELLAMOS KM. 1;0;101;640;0;SUMNISTROS AGRICOLAS DE PEDRO MUÑOZ S. COOP. DE C-LM;12
PEDRO MUÑOZ;13620;AVENIDA JUAN CARLOS I, 99;1297;1156;802;0;BP OIL ESPAÑA;12
PIEDRABUENA;13100;CARRETERA 7211 KM. 0,200;1209;1079;0;0;GP ENERGIA;12
PIEDRABUENA;13100;CARRETERA NACIONAL 430 KM. 219,7;1279;1169;0;0;CEPSA;12
PORZUNA;13120;CALLE TOLEDO,, 50;1305;1179;804;1385;REPSOL;12
POZUELO DE CALATRAVA;13179;CARRETERA CM-412 KM. 11;1279;1174;690;1038;CEPSA;12
PUEBLA DE DON RODRIGO;13109;CALLE CUATRO ESQUINAS ESQUINA LUIS SEVILLA, S/N;0;1059;655;0;MONTES NORTE ENERGETICOS, S.L.;12
PUEBLA DE DON RODRIGO;13109;CL AVENIDA CASTILLA-LA MANCHA, 1 (N-430 km 230);1305;1179;808;1365;CAMPSA;12
PUERTO LAPICE;13650;CR N-4, 134,8;1319;1195;0;1359;REPSOL;12
PUERTO LAPICE;13650;AUTOVIA N-IV KM. 140,7;1299;1169;0;1419;GALP;12
PUERTO LAPICE;13650;AUTOVIA N-IV KM. 140,5;1299;1169;0;1419;GALP;12
PUERTOLLANO;13500;CARRETERA N420 KM. 160,500;1305;1179;0;1385;REPSOL;12
PUERTOLLANO;13500;CALLE ASDRUBAL, 68;1305;1179;0;1385;REPSOL;12
PUERTOLLANO;13500;CARRETERA CR-503 KM. 3,2;1305;1179;0;1385;REPSOL;12
PUERTOLLANO;13500;CR N-420, 160;1305;1179;0;1385;REPSOL;12
PUERTOLLANO;13500;CARRETERA NACIONAL 420 KM. 160;1279;1109;0;0;CARREFOUR;12
PUERTOLLANO;13500;CARRETERA ALMODOVAR KM. 1,500;1219;1069;0;0;CARBURANTES BLUE;12
PUERTOLLANO;13500;AVENIDA ANDALUCIA, S/N;1189;1039;0;1259;E.LECLERC;12
PUERTOLLANO;13500;CARRETERA VARIANTE PUERTOLLANO-REPSOL KM. 11;0;1169;0;0;REPSOL;12
ROBLEDO (EL);13114;CR CR-722, 11,7;1269;1149;789;1389;PETRONOR;12
RUIDERA;13249;AVENIDA CASTILLA LA MANCHA, 59;1259;1159;0;0;REPSOL;12
SACERUELA;13414;CALLE ARENAL, S/N;1305;1179;802;1365;REPSOL;12
SANTA CRUZ DE MUDELA;13730;CARRETERA N- 4 KM. 216,9;1319;1195;834;0;REPSOL;12
SANTA CRUZ DE MUDELA;13730;CARRETERA N 4 KM. 216,9;1319;1195;834;1359;REPSOL;12
SANTA CRUZ DE MUDELA;13730;AUTOVIA ANDALUCIA KM. 222,5;1309;1179;0;1424;CEPSA;12
SANTA CRUZ DE MUDELA;13730;AUTOVIA A-4 KM. 217,350;1309;1185;0;0;GALP;12
SOCUELLAMOS;13630;CARRETERA N-310 KM. 105;1289;1169;0;1395;GALP;12
SOCUELLAMOS;13630;CM-3102 km 23,1;1304;1186;824;0;CEPSA;12
SOCUELLAMOS;13630;CR CR-100, 0,9;1305;1189;824;1385;CAMPSA;12
SOCUELLAMOS;13630;CALLE PASEO DE LOS MARTIRES, 58;1305;1189;824;1385;CAMPSA;12
SOCUELLAMOS;13630;POLIGONO EL LLANO, CALLE A, PARCELA, 134;0;1087;656;0;OLIVARERA DE SOCUELLAMOS, S.COOP. DE C-LM;12
SOCUELLAMOS;13630;CALLE CAMPO DE CRIPTANA, 29;0;1077;0;0;TRANSPORTES FELIX E HIJOS, S.L.;12
SOCUELLAMOS;13630;CALLE MANIGUA, 4;1299;1174;815;0;CEPSA;12
SOLANA (LA);13240;POLIGONO MAQUINA DE VAPOR, 1;0;1094;0;0;GALANES OIL;12
SOLANA (LA);13240;CR N-430, 307,3;1305;1179;814;1365;CAMPSA;12
SOLANA (LA);13240;CARRETERA L-603 KM. 24,8;1305;1179;814;1365;REPSOL;12
SOLANA (LA);13240;CARRETERA MANZANARES KM. S/N;1269;1155;689;0;GRUPO CACHO;12
TERRINCHES;13341;AVENIDA CONSTITUCION, S/N;1017;1004;650;0;E.S.STO.DOMINGO DE GUZMAN;12
TOMELLOSO;13700;CARRETERA N-310 (ARGAMASILLA DE ALBA) KM. 0,800;0;1089;0;0;COTRATO;12
TOMELLOSO;13700;CALLE CAMPO, 146;1199;1079;0;0;EASY FUEL;12
TOMELLOSO;13700;AVENIDA JUAN CARLOS I, 1;1199;1069;0;0;PUNTO AZUL GASOLINERA 24 HORAS;12
TOMELLOSO;13700;C/ ZURBARAN. Nº 19;1269;1139;739;0;REPSOL - TOMELLOSO;12
TOMELLOSO;13700;VEREDA SOCUELLAMOS, S/N;1244;1129;699;1364;SERTYMAN;12
TOMELLOSO;13700;PASEO SAN ISIDRO, 14;1283;1154;0;1398;CEPSA;12
TOMELLOSO;13700;CALLE CAMPO, 117;1305;1169;0;1365;REPSOL;12
TOMELLOSO;13700;CALLE SOCUELLAMOS, 92;1305;1169;0;1365;REPSOL;12
TOMELLOSO;13700;CARRETERA CR-122 KM. 26,100;1305;1169;0;1365;REPSOL COMERCIAL;12
TOMELLOSO;13700;CM-400 km 129;1289;1159;796;0;CEPSA;12
TOMELLOSO;13700;CARRETERA N-310 KM. 93;0;0;0;1364;EROSKI;12
TORRALBA DE CALATRAVA;13160;AUTOVIA A-43 KM. 290;1294;1179;0;1409;CEPSA;12
TORRALBA DE CALATRAVA;13160;CALLE DEHESA DEL CAMPO, 5;1195;1074;0;0;ENERGIAS AF;12
TORRE DE JUAN ABAD;13344;CR CR-614, 25;1305;1169;0;1385;REPSOL;12
TORRENUEVA;13740;CARRETERA VALDEPEÑAS 139 KM. 139;1259;1139;799;1399;SEYBE;12
CONSOLACION;13310;AUTOVIA ANDALUCIA KM. 185;1309;1185;844;1409;REPSOL;12
VALDEPEÑAS;13300;CALLE SUIZA, 1;0;1049;0;0;ENTRECAMINOS;12
VALDEPEÑAS;13300;CARRETERA 601 KM. 0,700;1279;1139;0;1339;E.S LAGUNA;12
VALDEPEÑAS;13300;AVENIDA DEL VINO, SN;1199;1059;0;1299;SIMPLY;12
VALDEPEÑAS;13300;A-4 km 198,7;1335;1175;0;1449;CEPSA;12
VALDEPEÑAS;13300;AUTOVIA A-4 KM. 198,7;1335;1175;0;1449;CEPSA;12
VALDEPEÑAS;13300;CR CM-412, 84,8;1305;1189;814;1385;REPSOL;12
VALDEPEÑAS;13300;AUTOVIA A-4 KM. 193,6;1315;1185;888;1043;CEPSA;12
VALDEPEÑAS;13300;AVENIDA DEL SUR, S/N;1259;1109;0;1399;SARAS ENERGIA ;12
VALDEPEÑAS;13300;CARRETERA N - IV KM. 210;1279;1139;0;0;ESAP LA PARÁ ROCIERA;12
VALDEPEÑAS;13300;AUTOVIA  A-4 km 191,536;1278;1152;0;1408;SHELL;12
VALDEPEÑAS;13300;AVENIDA DE LOS ESTUDIANTES, 70;1197;1057;0;0;PETROLOWCOST;12
VALDEPEÑAS;13300;CTRA. N-IV, P.K. 210;1299;1159;0;1409;GALP;12
VALDEPEÑAS;13300;CL SEIS DE JUNIO, 247;1305;1195;824;1445;REPSOL;12
VILLAHERMOSA;13332;AVENIDA CASTILLA LA MANCHA, 11;1199;1099;699;0;CHM;12
VILLANUEVA DE LA FUENTE;13330;CM 412 km 154.8;1189;1089;789;0;LIBRE;12
VILLANUEVA LOS INFANTES;13320;CALLE GUARDIA CIVIL, S/N;1125;1015;620;0;NTRA. SRA. ANTIGUA;12
VILLANUEVA LOS INFANTES;13320;CALLE PIOXII, 93;1027;1015;800;1039;REPSOL;12
VILLANUEVA LOS INFANTES;13320;CR CR-604, 1,4;1299;1169;814;1349;CAMPSA;12
VILLANUEVA DE SAN CARLOS;13379;CR CR-504, 18,2;1299;1159;808;0;PETRONOR;12
VILLARRUBIA DE LOS OJOS;13670;CARRETERA CARRETERA DE FUENTE EL FRESNO KM 15 KM. 15;1269;1139;689;0;AVIA;12
VILLARRUBIA DE LOS OJOS;13670;PASEO DEL CORDON 104 (CM 4120 km 16,700);1269;1139;699;1409;VILLA RUBEUM,S.L.;12
VILLARRUBIA DE LOS OJOS;13670;CARRETERA CR-201 KM. 17;0;1009;689;0;EL RUBIAL SOC. COOP.;12
VILLARTA DE SAN JUAN;13210;CALLE CERVANTES, 104;1305;1189;824;1369;REPSOL;12
VILLARTA DE SAN JUAN;13210;AUTOVIA A-4 KM. 145,330;1289;1159;0;1409;TARAY;12
VILLARTA DE SAN JUAN;13210;CERVANTES, 96;0;1005;640;0;NINGUNO;12
VISO DEL MARQUES;13770;CARRETERA CM-4111 KM. 64;1305;1169;803;0;REPSOL;12
VISO DEL MARQUES;13770;AVENIDA DE BURJASOT, S/N;0;1125;669;0;VIRGEN DEL VALLE;12
ALCAZAR DE SAN JUAN;13600;CL AVENIDA DE HERENCIA S.N.;1265;1149;0;0;CAMPSA;3
ALCAZAR DE SAN JUAN;13600;VÍA PG RESID ALCES, 1;1215;1079;0;0;MACMAOIL;3
ALCAZAR DE SAN JUAN;13600;CR N-420, 284,7;1265;1149;789;1385;REPSOL;3
ALCAZAR DE SAN JUAN;13600;CARRETERA N-420 KM. 284,227;1219;1074;0;1329;CARREFOUR;3
ALCAZAR DE SAN JUAN;13600;CTRA. N-420 km 286.6;1249;1139;784;1369;CEPSA;3
ALAMEDA DE CERVERA;13690;ESTRADA CM-42, 106/108;1245;1139;786;0;CEPSA;3
CINCO CASAS;13720;CARRETERA ARGAMASILLA DE ALBA-CINCO CASAS KM. 17;1219;1089;689;0;CERFAS-OIL;3
ALCOLEA DE CALATRAVA;13107;CARRETERA CM-4109 KM. 0,100;1199;1119;0;0;CARBURANTES APB 24 HORAS;3
ALCOLEA DE CALATRAVA;13107;CARRETERA N-430 KM. 290;1259;1159;0;0;LIBRE;3
ALCUBILLAS;13391;CALLE REAL, S/N;1249;1149;799;0;CEPSA;3
ALDEA DEL REY;13380;CARRETERA ARGAMASILLA-ALMURADIEL KM. 23,2;1229;1149;0;1349;REPSOL;3
ALMADEN;13400;POLIGONO POZO DE LAS NIEVES, 12;1259;1139;0;1375;HGOIL;3
ALMADEN;13400;AVENIDA RAMON Y CAJAL, 61;1265;1139;776;1378;CEPSA;3
ALMAGRO;13270;CL RONDA SANTO DOMINGO, 3;1269;1149;0;0;REPSOL;3
ALMAGRO;13270;CALLE EJIDO DE SAN JUAN, 0;1249;1149;0;1364;CEPSA;3
ALMODOVAR DEL CAMPO;13580;CARRETERA CM 4110 KM. 6;1259;1149;0;1379;REPSOL;3
ALMURADIEL;13760;AUTOVIA N-IV KM. 232;1279;1155;819;1379;REPSOL;3
ALMURADIEL;13760;AUTOVIA N-4 KM. 232;1279;1155;819;1379;REPSOL;3
ARENAS DE SAN JUAN;13679;N-420 km 252,1;1279;1159;0;0;REPSOL;3
ARGAMASILLA DE ALBA;13710;CARRETERA NACIONAL 310, KM. 82,500;1259;1149;0;1359;REPSOL;3
ARGAMASILLA DE ALBA;13710;CR N-310, 85,1 (N-310 km 85,18);1259;1149;789;1359;REPSOL;3
ARGAMASILLA DE CALATRAVA;13440;CARRETERA CR-506 KM. 3,300;1259;1149;0;1379;REPSOL;3
ARGAMASILLA DE CALATRAVA;13440;POLIGONO MANZANARES, 6;1199;1069;0;0;GASOLEOSJUCO;3
BOLAÑOS DE CALATRAVA;13260;CARRETERA DAIMIEL KM. 23;1249;1149;819;0;CEPSA;3
BOLAÑOS DE CALATRAVA;13260;CARRETERA CM 4124 KM. 25,7;1219;1109;0;0;E.S.MAZ;3
BOLAÑOS DE CALATRAVA;13260;CALLE CTRA. C-417, PK. KM 17,, 17;1219;1119;0;1409;SARAS;3
BOLAÑOS DE CALATRAVA;13260;CARDENAL CISNEROS, S/N;1209;1089;635;1409;CARBURANTES BOLAÑOS S.L.;3
BRAZATORTAS;13450;CR N-420 141,9;1259;1149;0;1378;REPSOL;3
BRAZATORTAS;13450;CARRETERA NACIONAL 420 KM. 143,700;1259;1149;0;1379;GALP LA JUNQUERA;3
BRAZATORTAS;13450;CARRETERA CABEZARRUBIAS KM. 1;1189;1079;699;0;UNIDAD DE SERVICIO;3
CALZADA DE CALATRAVA;13370;CARRETERA C-410 km 31.092;1239;1149;719;1369;P G E HIJOS;3
CAMPO DE CRIPTANA;13610;CARRETERA N-420 KM. 295;1239;1129;680;1339;COMBUSTIBLES CRIPTANA,SL;3
CAMPO DE CRIPTANA;13610;AVENIDA DE LA HISPANIDAD, 10;1239;1129;0;1339;PETRONOR;3
CAMPO DE CRIPTANA;13610;CARRETERA NACIONAL 420 KM. 292,700;1265;1139;0;1349;GALP DISTRIBUCION OIL ESPAÑA, S.A.U.;3
CAMPO DE CRIPTANA;13610;CALLE MOTA, 2;0;1049;0;0;TRAVESA;3
CAMPO DE CRIPTANA;13610;CR N-420, 296;1265;1139;0;0;REPSOL;3
CAMPO DE CRIPTANA;13610;CONCEPCION, 135 (CTRA. N-420);0;1059;649;0;BODEGAS SIMBOLO, SDAD. COOP. DE C-LM NTRA. SRA. DE CRIPTANA;3
CARRION DE CALATRAVA;13150;CARRETERA CARRION A FERNANCABALLERO km 0.5;0;1004;655;0;MONTES NORTE ENERGETICOS, S.L.;3
CARRION DE CALATRAVA;13150;CARRETERA NACIONAL 430 KM. 317;1269;1149;0;1389;REPSOL;3
CARRIZOSA;13329;CR CM-3129, 7 (CM-3129 km 11,6);1269;1149;789;1389;PETRONOR;3
CASTELLAR DE SANTIAGO;13750;CALLE BAILEN, 2;1259;1139;794;0;REPSOL;3
CHILLON;13412;CARRETERA ALMADEN-CHILLON KM. ;1259;1139;775;0;HGOIL;3
CIUDAD REAL;13002;RONDA DE ALARCOS, 21;1269;1149;0;1409;REPSOL;3
CIUDAD REAL;13002;CARRETERA DE PORZUNA KM. ;1016;1004;0;1025;E.LECLERC;3
CIUDAD REAL;13004;CALLE RONDA DE LA MATA, S/N;1269;1149;0;1389;REPSOL;3
CIUDAD REAL;13004;AVENIDA EUROPA, 45;1016;1004;0;1025;EROSKI;3
CIUDAD REAL;13005;PG P.I. LARACHE,PARC.93, S.N.;1279;1159;0;1419;REPSOL;3
CIUDAD REAL;13005;CARRETERA N-430 KM. 309,2;1256;1149;0;1371;CEPSA;3
CIUDAD REAL;13005;CALLE TORRENUEVA, 1;1016;1004;0;0;PETRONIEVES;3
CIUDAD REAL;13005;CARRETERA N-430 KM. 304,42;1269;1149;0;1389;REPSOL;3
CIUDAD REAL;13005;CR N-401, 183,6;1269;1149;0;1409;REPSOL;3
CIUDAD REAL;13005;CR CR-514, 0,3;1269;1149;0;1389;REPSOL;3
CIUDAD REAL;13005;CARRETERA NACIONAL 430 KM. 309,900;1244;1146;0;1424;SHELL CARRION;3
CIUDAD REAL;13005;CARRETERA N-430 KM KM. 305,1;1229;1149;0;1339;CEPSA;3
CIUDAD REAL;13003;CALLE RONDA DE TOLEDO, 21;1219;1099;0;1399;SHELL;3
CIUDAD REAL;13003;RONDA PUERTA DE TOLEDO, 5;1269;1149;0;0;REPSOL;3
CIUDAD REAL;13197;CARRETERA CTRA PUERTOLLANO KM 195 KM. ;1229;1109;0;1407;SHELL;3
CORRAL DE CALATRAVA;13190;CARRETERA N-420 KM. 180;1259;1139;0;1399;REPSOL;3
CORTIJOS DE ARRIBA;13427;AVDA. DE LA LOMA, Nº 22;1255;1149;780;0;LA LOMA;3
DAIMIEL;13250;CARRETERA NACIONAL 430 KM. 269,9;1259;1139;799;0;REPSOL;3
DAIMIEL;13250;CARRETERA N-420 KM KM. 231;1209;1079;0;0;WETROAD;3
DAIMIEL;13250;CALLE BODEGUEROS, PARCELA, 48;0;1059;0;0;GRUPO LOGISTICO CODAITRANS;3
DAIMIEL;13250;NACIONAL 420 km 236;1279;1159;0;0;ESTACION DE SERVICIOS DAIMIEL S.L.;3
DAIMIEL;13250;CARRETERA CM.4114 KM. 50;1258;1138;799;0;FERSA COMBUSTIBLES, S.L.;3
DAIMIEL;13250;CALLE TIBURCIO, 98;1259;1149;799;1359;REPSOL;3
DAIMIEL;13250;AVENIDA DE LA ENERGIA, 1;1239;1139;0;1349;REPSOL;3
FUENCALIENTE;13130;CARRETERA N-420 KM. 103,3;1249;1149;0;0;CEPSA;3
FUENTE EL FRESNO;13680;AVENIDA DE LA PROVINCIA, 78;1229;1109;669;0;CARBURANTES QUEVEDO;3
GRANATULA DE CALATRAVA;13360;CALLE ALMAGRO, 3;0;1128;685;0;SOCIEDAD COOPERATIVA AGRARIA EL SANTO CRISTO S. COOP. DE C-LM;3
HERENCIA;13640;420 km 275;1265;1149;789;1405;PETRONOR;3
HERENCIA;13640;AUTOVIA A-4 KM. 153,350;1279;1155;0;1379;REPSOL;3
HORCAJO DE LOS MONTES;13110;CARRETERA CIUDAD REAL KM. 49,200;1259;1149;809;1399;REPSOL;3
LLANOS DEL CAUDILLO;13220;POZOS S/N;0;0;640;0;COOP. LOS LLANOS;3
LUCIANA;13108;CARRETERA N-430, KM. 268,6;1249;1149;799;0;REPSOL;3
MALAGON;13420;CALLE MADRID, 18;1175;1055;0;0;CARBURANTES SEAL;3
MALAGON;13420;AVENIDA FUNDADORES COOPERATIVA, 69;1175;1004;655;0;MONTES NORTE ENERGETICOS, S.L.;3
MALAGON;13420;CALLE CERVANTES, 23;1179;1079;716;1294;CEPSA;3
MALAGON;13429;CR N-401, 165;1265;1129;788;1405;REPSOL;3
MANZANARES;13200;CARRETERA N-4 KM. 171,1;1279;1155;0;1379;REPSOL;3
MANZANARES;13200;CALLE CTRA LA SOLANA, 56;1259;1149;789;1359;REPSOL;3
MANZANARES;13200;CARRETERA ANTIGUA N-430 ESQ. CTRA. VILLARRUIBA KM. S/N;1239;1119;0;1339;SARAS ENERGIA ;3
MANZANARES;13200;AUTOVIA DE ANDALUCIA KM. 173;1255;1149;797;1355;REPSOL;3
MANZANARES;13200;CARRETERA CRTA.CR-141 KM 3,70 KM. 3,70;1249;1139;784;1349;REPSOL;3
MANZANARES;13200;AUTOVIA A-4 KM. 167;1279;1155;806;0;REPSOL;3
MANZANARES;13200;CALLE INDUSTRIAL D, 3;1199;1089;649;0;JESÚS DEL PERDÓN BODEGAS YUNTERO S. COOP. DE C-LM;3
MANZANARES;13200;PLAZA DEL GRAN TEATRO, S/N;1249;0;0;0;CEPSA;3
MANZANARES;13200;AUTOVIA A-4 KM. 162;1279;1155;790;0;REPSOL;3
MANZANARES;13200;CL PASEO CRISTOBAL COLON S.N.;1259;1149;0;0;CAMPSA;3
MEMBRILLA;13230;CARRETERA NACIONAL 430 KM. 371,100;1179;1049;0;0;GRUPO CACHO;3
MEMBRILLA;13230;AUTOVIA CARRETERA GENERAL DE ANDALUCIA KM. 178,800;1259;1149;0;1374;CEPSA;3
MEMBRILLA;13230;CARRETERA N-430 KM. 366,275;1236;1139;786;1351;CEPSA;3
MEMBRILLA;13230;N-430 km 367,1;1229;1109;784;1329;SARAS;3
MEMBRILLA;13230;CARRETERA NACIONAL 430 KM 368 KM. 368;1259;1139;784;1359;REPSOL;3
MIGUELTURRA;13170;CARRETERA CM-4127 KM. 2,350;1239;1139;0;1354;CEPSA;3
MIGUELTURRA;13170;CARRETERA CTRA VALDEPEÑAS-CIUDAD REAL KM. 4700;1249;1149;0;1364;CEPSA;3
MIGUELTURRA;13170;CARRETERA VALDEPEÑAS KM. 12;1159;1039;0;0;PETROGOOD;3
MONTIEL;13326;CARRETERA CM 3127 km 12.600;1195;1079;700;0;EE.SS VALLE PIQUERAS;3
MONTIEL;13326;CARRERA VILLANUEVA DE LOS INFANTES, S/N;1018;1045;635;0;CASTILLO DE MONTIEL;3
MORAL DE CALATRAVA;13350;CARRETERA CM-412 KM. 69,92;1269;1129;799;1369;CAMPSA;3
PEDRO MUÑOZ;13620;AVENIDA DE LA CONSTITUCION, 46;1269;1149;789;1409;REPSOL;3
PEDRO MUÑOZ;13620;AVENIDA CONSTITUCION, 20;1259;1149;0;0;CEPSA;3
PEDRO MUÑOZ;13620;AVENIDA JUAN CARLOS I, 99;1247;1127;782;0;BP OIL ESPAÑA;3
PEDRO MUÑOZ;13620;CARRETERA PEDRO MUÑOZ A SOCUELLAMOS KM. 1;0;1008;630;0;SUMNISTROS AGRICOLAS DE PEDRO MUÑOZ S. COOP. DE C-LM;3
PIEDRABUENA;13100;CARRETERA NACIONAL 430 KM. 219,7;1249;1159;0;0;CEPSA;3
PIEDRABUENA;13100;CARRETERA 7211 KM. 0,200;1189;1059;0;0;GP ENERGIA;3
PORZUNA;13120;CALLE TOLEDO,, 50;1269;1149;789;1389;REPSOL;3
POZUELO DE CALATRAVA;13179;CARRETERA CM-412 KM. 11;1149;1129;820;1038;CEPSA;3
PUEBLA DE DON RODRIGO;13109;CALLE CUATRO ESQUINAS ESQUINA LUIS SEVILLA, S/N;0;1004;655;0;MONTES NORTE ENERGETICOS, S.L.;3
PUEBLA DE DON RODRIGO;13109;CL AVENIDA CASTILLA-LA MANCHA, 1 (N-430 km 230);1269;1149;793;1369;CAMPSA;3
PUERTO LAPICE;13650;CR N-4, 134,8;1279;1155;0;1379;REPSOL;3
PUERTO LAPICE;13650;AUTOVIA N-IV KM. 140,7;1249;1139;0;1389;GALP;3
PUERTO LAPICE;13650;AUTOVIA N-IV KM. 140,5;1249;1139;0;1389;GALP;3
PUERTOLLANO;13500;CR N-420, 160;1259;1149;0;1379;REPSOL;3
PUERTOLLANO;13500;CARRETERA CR-503 KM. 3,2;1259;1149;0;1379;REPSOL;3
PUERTOLLANO;13500;AVENIDA ANDALUCIA, S/N;1159;1029;0;1259;E.LECLERC;3
PUERTOLLANO;13500;CALLE ASDRUBAL, 68;1259;1149;0;1379;REPSOL;3
PUERTOLLANO;13500;CARRETERA N420 KM. 160,500;1259;1149;0;1379;REPSOL;3
PUERTOLLANO;13500;CARRETERA NACIONAL 420 KM. 160;1239;1089;0;0;CARREFOUR;3
PUERTOLLANO;13500;CARRETERA VARIANTE PUERTOLLANO-REPSOL KM. 11;0;1139;0;0;REPSOL;3
PUERTOLLANO;13500;CARRETERA ALMODOVAR KM. 1,500;1199;1079;0;0;CARBURANTES BLUE;3
ROBLEDO (EL);13114;CR CR-722, 11,7;1269;1149;789;1389;PETRONOR;3
RUIDERA;13249;AVENIDA CASTILLA LA MANCHA, 59;1259;1159;0;0;REPSOL;3
SACERUELA;13414;CALLE ARENAL, S/N;1269;1149;787;1369;REPSOL;3
SANTA CRUZ DE MUDELA;13730;CARRETERA N 4 KM. 216,9;1279;1155;819;1379;REPSOL;3
SANTA CRUZ DE MUDELA;13730;CARRETERA N- 4 KM. 216,9;1279;1155;819;0;REPSOL;3
SANTA CRUZ DE MUDELA;13730;AUTOVIA ANDALUCIA KM. 222,5;1259;1149;0;1374;CEPSA;3
SANTA CRUZ DE MUDELA;13730;AUTOVIA A-4 KM. 217,350;1255;1145;0;0;GALP;3
SOCUELLAMOS;13630;CARRETERA N-310 KM. 105;1269;1159;0;1375;GALP;3
SOCUELLAMOS;13630;CM-3102 km 23,1;1259;1149;797;0;CEPSA;3
SOCUELLAMOS;13630;CALLE CAMPO DE CRIPTANA, 29;0;1059;0;0;TRANSPORTES FELIX E HIJOS, S.L.;3
SOCUELLAMOS;13630;CALLE MANIGUA, 4;1239;1136;774;0;CEPSA;3
SOCUELLAMOS;13630;CALLE PASEO DE LOS MARTIRES, 58;1269;1139;809;1389;CAMPSA;3
SOCUELLAMOS;13630;CR CR-100, 0,9;1269;1139;809;1389;CAMPSA;3
SOCUELLAMOS;13630;POLIGONO EL LLANO, CALLE A, PARCELA, 134;0;1067;656;0;OLIVARERA DE SOCUELLAMOS, S.COOP. DE C-LM;3
SOLANA (LA);13240;POLIGONO MAQUINA DE VAPOR, 1;0;1074;0;0;GALANES OIL;3
SOLANA (LA);13240;CR N-430, 307,3;1249;1149;799;1349;CAMPSA;3
SOLANA (LA);13240;CARRETERA L-603 KM. 24,8;1249;1149;799;1349;REPSOL;3
SOLANA (LA);13240;CARRETERA MANZANARES KM. S/N;1229;1099;755;0;GRUPO CACHO;3
TERRINCHES;13341;AVENIDA CONSTITUCION, S/N;1017;1004;650;0;E.S.STO.DOMINGO DE GUZMAN;3
TOMELLOSO;13700;CM-400 km 129;1253;1129;766;0;CEPSA;3
TOMELLOSO;13700;CALLE CAMPO, 146;1199;1079;0;0;EASY FUEL;3
TOMELLOSO;13700;AVENIDA JUAN CARLOS I, 1;1199;1079;0;0;PUNTO AZUL GASOLINERA 24 HORAS;3
TOMELLOSO;13700;CARRETERA N-310 (ARGAMASILLA DE ALBA) KM. 0,800;0;1069;0;0;COTRATO;3
TOMELLOSO;13700;C/ ZURBARAN. Nº 19;1229;1119;709;0;REPSOL - TOMELLOSO;3
TOMELLOSO;13700;CARRETERA N-310 KM. 93;1199;1069;0;1319;EROSKI;3
TOMELLOSO;13700;CARRETERA CR-122 KM. 26,100;1259;1149;0;1359;REPSOL COMERCIAL;3
TOMELLOSO;13700;CALLE CAMPO, 117;1259;1149;0;1359;REPSOL;3
TOMELLOSO;13700;CALLE SOCUELLAMOS, 92;1259;1149;0;1359;REPSOL;3
TOMELLOSO;13700;VEREDA SOCUELLAMOS, S/N;1214;1116;669;1319;SERTYMAN;3
TOMELLOSO;13700;PASEO SAN ISIDRO, 14;1239;1119;0;1354;CEPSA;3
TORRALBA DE CALATRAVA;13160;AUTOVIA A-43 KM. 290;1259;1154;0;1374;CEPSA;3
TORRALBA DE CALATRAVA;13160;CALLE DEHESA DEL CAMPO, 5;1173;1059;0;0;ENERGIAS AF;3
TORRE DE JUAN ABAD;13344;CR CR-614, 25;1269;1139;0;1409;REPSOL;3
TORRENUEVA;13740;CARRETERA VALDEPEÑAS 139 KM. 139;1229;1119;779;1369;SEYBE;3
VALDEPEÑAS;13300;A-4 km 198,7;1295;1149;0;1429;CEPSA;3
VALDEPEÑAS;13300;AUTOVIA A-4 KM. 198,7;1295;1149;0;1429;CEPSA;3
VALDEPEÑAS;13300;CR CM-412, 84,8;1269;1149;799;1409;REPSOL;3
VALDEPEÑAS;13300;CTRA. N-IV, P.K. 210;1185;1019;0;1275;GALP;3
VALDEPEÑAS;13300;AVENIDA DEL SUR, S/N;1219;1059;0;1359;SARAS ENERGIA ;3
VALDEPEÑAS;13300;AUTOVIA  A-4 km 191,536;1233;1115;0;1363;SHELL;3
VALDEPEÑAS;13300;CALLE SUIZA, 1;0;1029;0;0;ENTRECAMINOS;3
VALDEPEÑAS;13300;CARRETERA N - IV KM. 210;1179;1009;0;0;ESAP LA PARÁ ROCIERA;3
VALDEPEÑAS;13300;AVENIDA DE LOS ESTUDIANTES, 70;1197;1027;0;0;PETROLOWCOST;3
VALDEPEÑAS;13300;AVENIDA DEL VINO, SN;1185;1029;0;1279;SIMPLY;3
VALDEPEÑAS;13300;CL SEIS DE JUNIO, 247;1269;1149;799;1409;REPSOL;3
VALDEPEÑAS;13300;AUTOVIA A-4 KM. 193,6;1265;1155;858;1038;CEPSA;3
CONSOLACION;13310;AUTOVIA ANDALUCIA KM. 185;1279;1155;819;1379;REPSOL;3
VILLAHERMOSA;13332;AVENIDA CASTILLA LA MANCHA, 11;1179;1079;699;0;CHM;3
VILLANUEVA DE LA FUENTE;13330;CM 412 km 154.8;1189;1079;789;0;LIBRE;3
VILLANUEVA LOS INFANTES;13320;CALLE GUARDIA CIVIL, S/N;1016;1027;632;0;NTRA. SRA. ANTIGUA;3
VILLANUEVA LOS INFANTES;13320;CALLE PIOXII, 93;1026;1014;790;1038;REPSOL;3
VILLANUEVA LOS INFANTES;13320;CR CR-604, 1,4;1269;1149;799;1389;CAMPSA;3
VILLANUEVA DE SAN CARLOS;13379;CR CR-504, 18,2;1249;1149;774;0;PETRONOR;3
VILLARRUBIA DE LOS OJOS;13670;CARRETERA CARRETERA DE FUENTE EL FRESNO KM 15 KM. 15;1249;1119;679;0;AVIA;3
VILLARRUBIA DE LOS OJOS;13670;PASEO DEL CORDON 104 (CM 4120 km 16,700);1229;1099;659;1369;VILLA RUBEUM,S.L.;3
VILLARRUBIA DE LOS OJOS;13670;CARRETERA CR-201 KM. 17;0;1038;645;0;EL RUBIAL SOC. COOP.;3
VILLARTA DE SAN JUAN;13210;AUTOVIA A-4 KM. 145,330;1249;1129;0;1389;TARAY;3
VILLARTA DE SAN JUAN;13210;CALLE CERVANTES, 104;1259;1149;809;1399;REPSOL;3
VILLARTA DE SAN JUAN;13210;CERVANTES, 96;0;1006;640;0;NINGUNO;3
VISO DEL MARQUES;13770;CARRETERA CM-4111 KM. 64;1249;1139;788;0;REPSOL;3
VISO DEL MARQUES;13770;AVENIDA DE BURJASOT, S/N;0;1059;657;0;VIRGEN DEL VALLE;3
